time_s,phase,conveyor_velocity_mps,st1_s0_arrival,st1_s1_part_a_seated,st1_s2_part_b_seated,st1_s3_alignment_ok,st2_s0_assembly_present,st2_s1_screw_loaded,st2_s2_assembly_exit,torque_nm,screw_angle_deg,st3_s0_arrival,st3_s1_check,st3_s2_check,st3_s3_check,st3_s4_check,st3_s5_check,st3_s6_check
0.0,transport_to_station_1,0.25,0,0,0,0,0,0,0,0.0,0.0,0,0,0,0,0,0,0
0.1,transport_to_station_1,0.25,0,0,0,0,0,0,0,0.0,0.0,0,0,0,0,0,0,0
0.2,transport_to_station_1,0.25,0,0,0,0,0,0,0,0.0,0.0,0,0,0,0,0,0,0
0.3,transport_to_station_1,0.25,0,0,0,0,0,0,0,0.0,0.0,0,0,0,0,0,0,0
0.4,transport_to_station_1,0.25,0,0,0,0,0,0,0,0.0,0.0,0,0,0,0,0,0,0
0.5,transport_to_station_1,0.25,0,0,0,0,0,0,0,0.0,0.0,0,0,0,0,0,0,0
0.6,transport_to_station_1,0.25,0,0,0,0,0,0,0,0.0,0.0,0,0,0,0,0,0,0
0.7,transport_to_station_1,0.25,0,0,0,0,0,0,0,0.0,0.0,0,0,0,0,0,0,0
0.8,transport_to_station_1,0.25,0,0,0,0,0,0,0,0.0,0.0,0,0,0,0,0,0,0
0.9,transport_to_station_1,0.25,0,0,0,0,0,0,0,0.0,0.0,0,0,0,0,0,0,0
1.0,transport_to_station_1,0.25,0,0,0,0,0,0,0,0.0,0.0,0,0,0,0,0,0,0
1.1,transport_to_station_1,0.25,0,0,0,0,0,0,0,0.0,0.0,0,0,0,0,0,0,0
1.2,transport_to_station_1,0.25,0,0,0,0,0,0,0,0.0,0.0,0,0,0,0,0,0,0
1.3,transport_to_station_1,0.25,0,0,0,0,0,0,0,0.0,0.0,0,0,0,0,0,0,0
1.4,transport_to_station_1,0.25,0,0,0,0,0,0,0,0.0,0.0,0,0,0,0,0,0,0
1.5,transport_to_station_1,0.25,0,0,0,0,0,0,0,0.0,0.0,0,0,0,0,0,0,0
1.6,transport_to_station_1,0.25,0,0,0,0,0,0,0,0.0,0.0,0,0,0,0,0,0,0
1.7,transport_to_station_1,0.25,0,0,0,0,0,0,0,0.0,0.0,0,0,0,0,0,0,0
1.8,transport_to_station_1,0.25,0,0,0,0,0,0,0,0.0,0.0,0,0,0,0,0,0,0
1.9,transport_to_station_1,0.25,0,0,0,0,0,0,0,0.0,0.0,0,0,0,0,0,0,0
2.0,transport_to_station_1,0.25,0,0,0,0,0,0,0,0.0,0.0,0,0,0,0,0,0,0
2.1,transport_to_station_1,0.25,0,0,0,0,0,0,0,0.0,0.0,0,0,0,0,0,0,0
2.2,transport_to_station_1,0.25,0,0,0,0,0,0,0,0.0,0.0,0,0,0,0,0,0,0
2.3,transport_to_station_1,0.25,0,0,0,0,0,0,0,0.0,0.0,0,0,0,0,0,0,0
2.4,transport_to_station_1,0.25,0,0,0,0,0,0,0,0.0,0.0,0,0,0,0,0,0,0
2.5,transport_to_station_1,0.25,0,0,0,0,0,0,0,0.0,0.0,0,0,0,0,0,0,0
2.6,transport_to_station_1,0.25,0,0,0,0,0,0,0,0.0,0.0,0,0,0,0,0,0,0
2.7,transport_to_station_1,0.25,0,0,0,0,0,0,0,0.0,0.0,0,0,0,0,0,0,0
2.8,transport_to_station_1,0.25,0,0,0,0,0,0,0,0.0,0.0,0,0,0,0,0,0,0
2.9,transport_to_station_1,0.25,0,0,0,0,0,0,0,0.0,0.0,0,0,0,0,0,0,0
3.0,transport_to_station_1,0.25,0,0,0,0,0,0,0,0.0,0.0,0,0,0,0,0,0,0
3.1,transport_to_station_1,0.25,0,0,0,0,0,0,0,0.0,0.0,0,0,0,0,0,0,0
3.2,transport_to_station_1,0.25,0,0,0,0,0,0,0,0.0,0.0,0,0,0,0,0,0,0
3.3,transport_to_station_1,0.25,0,0,0,0,0,0,0,0.0,0.0,0,0,0,0,0,0,0
3.4,transport_to_station_1,0.25,0,0,0,0,0,0,0,0.0,0.0,0,0,0,0,0,0,0
3.5,transport_to_station_1,0.25,0,0,0,0,0,0,0,0.0,0.0,0,0,0,0,0,0,0
3.6,transport_to_station_1,0.25,0,0,0,0,0,0,0,0.0,0.0,0,0,0,0,0,0,0
3.7,transport_to_station_1,0.25,0,0,0,0,0,0,0,0.0,0.0,0,0,0,0,0,0,0
3.8,transport_to_station_1,0.25,0,0,0,0,0,0,0,0.0,0.0,0,0,0,0,0,0,0
3.9,transport_to_station_1,0.25,0,0,0,0,0,0,0,0.0,0.0,0,0,0,0,0,0,0
4.0,transport_to_station_1,0.25,0,0,0,0,0,0,0,0.0,0.0,0,0,0,0,0,0,0
4.1,transport_to_station_1,0.25,0,0,0,0,0,0,0,0.0,0.0,0,0,0,0,0,0,0
4.2,transport_to_station_1,0.25,0,0,0,0,0,0,0,0.0,0.0,0,0,0,0,0,0,0
4.3,transport_to_station_1,0.25,0,0,0,0,0,0,0,0.0,0.0,0,0,0,0,0,0,0
4.4,transport_to_station_1,0.25,0,0,0,0,0,0,0,0.0,0.0,0,0,0,0,0,0,0
4.5,transport_to_station_1,0.25,0,0,0,0,0,0,0,0.0,0.0,0,0,0,0,0,0,0
4.6,transport_to_station_1,0.25,0,0,0,0,0,0,0,0.0,0.0,0,0,0,0,0,0,0
4.7,transport_to_station_1,0.25,0,0,0,0,0,0,0,0.0,0.0,0,0,0,0,0,0,0
4.8,transport_to_station_1,0.25,0,0,0,0,0,0,0,0.0,0.0,0,0,0,0,0,0,0
4.9,transport_to_station_1,0.25,0,0,0,0,0,0,0,0.0,0.0,0,0,0,0,0,0,0
5.0,transport_to_station_1,0.25,0,0,0,0,0,0,0,0.0,0.0,0,0,0,0,0,0,0
5.1,transport_to_station_1,0.25,0,0,0,0,0,0,0,0.0,0.0,0,0,0,0,0,0,0
5.2,transport_to_station_1,0.25,0,0,0,0,0,0,0,0.0,0.0,0,0,0,0,0,0,0
5.3,transport_to_station_1,0.25,0,0,0,0,0,0,0,0.0,0.0,0,0,0,0,0,0,0
5.4,transport_to_station_1,0.25,0,0,0,0,0,0,0,0.0,0.0,0,0,0,0,0,0,0
5.5,transport_to_station_1,0.25,0,0,0,0,0,0,0,0.0,0.0,0,0,0,0,0,0,0
5.6,transport_to_station_1,0.25,0,0,0,0,0,0,0,0.0,0.0,0,0,0,0,0,0,0
5.7,transport_to_station_1,0.25,0,0,0,0,0,0,0,0.0,0.0,0,0,0,0,0,0,0
5.8,transport_to_station_1,0.25,0,0,0,0,0,0,0,0.0,0.0,0,0,0,0,0,0,0
5.9,transport_to_station_1,0.25,0,0,0,0,0,0,0,0.0,0.0,0,0,0,0,0,0,0
6.0,transport_to_station_1,0.25,0,0,0,0,0,0,0,0.0,0.0,0,0,0,0,0,0,0
6.1,transport_to_station_1,0.25,0,0,0,0,0,0,0,0.0,0.0,0,0,0,0,0,0,0
6.2,transport_to_station_1,0.25,0,0,0,0,0,0,0,0.0,0.0,0,0,0,0,0,0,0
6.3,transport_to_station_1,0.25,0,0,0,0,0,0,0,0.0,0.0,0,0,0,0,0,0,0
6.4,transport_to_station_1,0.25,0,0,0,0,0,0,0,0.0,0.0,0,0,0,0,0,0,0
6.5,transport_to_station_1,0.25,0,0,0,0,0,0,0,0.0,0.0,0,0,0,0,0,0,0
6.6,transport_to_station_1,0.25,0,0,0,0,0,0,0,0.0,0.0,0,0,0,0,0,0,0
6.7,transport_to_station_1,0.25,0,0,0,0,0,0,0,0.0,0.0,0,0,0,0,0,0,0
6.8,transport_to_station_1,0.25,0,0,0,0,0,0,0,0.0,0.0,0,0,0,0,0,0,0
6.9,transport_to_station_1,0.25,0,0,0,0,0,0,0,0.0,0.0,0,0,0,0,0,0,0
7.0,transport_to_station_1,0.25,0,0,0,0,0,0,0,0.0,0.0,0,0,0,0,0,0,0
7.1,transport_to_station_1,0.25,0,0,0,0,0,0,0,0.0,0.0,0,0,0,0,0,0,0
7.2,transport_to_station_1,0.25,0,0,0,0,0,0,0,0.0,0.0,0,0,0,0,0,0,0
7.3,transport_to_station_1,0.25,0,0,0,0,0,0,0,0.0,0.0,0,0,0,0,0,0,0
7.4,transport_to_station_1,0.25,0,0,0,0,0,0,0,0.0,0.0,0,0,0,0,0,0,0
7.5,transport_to_station_1,0.25,0,0,0,0,0,0,0,0.0,0.0,0,0,0,0,0,0,0
7.6,transport_to_station_1,0.25,0,0,0,0,0,0,0,0.0,0.0,0,0,0,0,0,0,0
7.7,transport_to_station_1,0.25,0,0,0,0,0,0,0,0.0,0.0,0,0,0,0,0,0,0
7.8,transport_to_station_1,0.25,0,0,0,0,0,0,0,0.0,0.0,0,0,0,0,0,0,0
7.9,transport_to_station_1,0.25,0,0,0,0,0,0,0,0.0,0.0,0,0,0,0,0,0,0
8.0,transport_to_station_1,0.25,0,0,0,0,0,0,0,0.0,0.0,0,0,0,0,0,0,0
8.1,transport_to_station_1,0.25,0,0,0,0,0,0,0,0.0,0.0,0,0,0,0,0,0,0
8.2,transport_to_station_1,0.25,0,0,0,0,0,0,0,0.0,0.0,0,0,0,0,0,0,0
8.3,transport_to_station_1,0.25,0,0,0,0,0,0,0,0.0,0.0,0,0,0,0,0,0,0
8.4,transport_to_station_1,0.25,0,0,0,0,0,0,0,0.0,0.0,0,0,0,0,0,0,0
8.5,transport_to_station_1,0.25,0,0,0,0,0,0,0,0.0,0.0,0,0,0,0,0,0,0
8.6,transport_to_station_1,0.25,0,0,0,0,0,0,0,0.0,0.0,0,0,0,0,0,0,0
8.7,transport_to_station_1,0.25,0,0,0,0,0,0,0,0.0,0.0,0,0,0,0,0,0,0
8.8,transport_to_station_1,0.25,0,0,0,0,0,0,0,0.0,0.0,0,0,0,0,0,0,0
8.9,transport_to_station_1,0.25,0,0,0,0,0,0,0,0.0,0.0,0,0,0,0,0,0,0
9.0,transport_to_station_1,0.25,0,0,0,0,0,0,0,0.0,0.0,0,0,0,0,0,0,0
9.1,transport_to_station_1,0.25,0,0,0,0,0,0,0,0.0,0.0,0,0,0,0,0,0,0
9.2,transport_to_station_1,0.25,0,0,0,0,0,0,0,0.0,0.0,0,0,0,0,0,0,0
9.3,transport_to_station_1,0.25,0,0,0,0,0,0,0,0.0,0.0,0,0,0,0,0,0,0
9.4,transport_to_station_1,0.25,0,0,0,0,0,0,0,0.0,0.0,0,0,0,0,0,0,0
9.5,transport_to_station_1,0.25,0,0,0,0,0,0,0,0.0,0.0,0,0,0,0,0,0,0
9.6,transport_to_station_1,0.25,0,0,0,0,0,0,0,0.0,0.0,0,0,0,0,0,0,0
9.7,transport_to_station_1,0.25,0,0,0,0,0,0,0,0.0,0.0,0,0,0,0,0,0,0
9.8,transport_to_station_1,0.25,0,0,0,0,0,0,0,0.0,0.0,0,0,0,0,0,0,0
9.9,transport_to_station_1,0.25,0,0,0,0,0,0,0,0.0,0.0,0,0,0,0,0,0,0
10.0,station_1_positioning,0.0,1,0,0,0,0,0,0,0.0,0.0,0,0,0,0,0,0,0
10.1,station_1_positioning,0.0,1,0,0,0,0,0,0,0.0,0.0,0,0,0,0,0,0,0
10.2,station_1_positioning,0.0,1,0,0,0,0,0,0,0.0,0.0,0,0,0,0,0,0,0
10.3,station_1_positioning,0.0,1,0,0,0,0,0,0,0.0,0.0,0,0,0,0,0,0,0
10.4,station_1_positioning,0.0,1,0,0,0,0,0,0,0.0,0.0,0,0,0,0,0,0,0
10.5,station_1_positioning,0.0,1,0,0,0,0,0,0,0.0,0.0,0,0,0,0,0,0,0
10.6,station_1_positioning,0.0,1,0,0,0,0,0,0,0.0,0.0,0,0,0,0,0,0,0
10.7,station_1_positioning,0.0,1,0,0,0,0,0,0,0.0,0.0,0,0,0,0,0,0,0
10.8,station_1_positioning,0.0,1,0,0,0,0,0,0,0.0,0.0,0,0,0,0,0,0,0
10.9,station_1_positioning,0.0,1,0,0,0,0,0,0,0.0,0.0,0,0,0,0,0,0,0
11.0,station_1_positioning,0.0,1,1,0,0,0,0,0,0.0,0.0,0,0,0,0,0,0,0
11.1,station_1_positioning,0.0,1,1,0,0,0,0,0,0.0,0.0,0,0,0,0,0,0,0
11.2,station_1_positioning,0.0,1,1,1,0,0,0,0,0.0,0.0,0,0,0,0,0,0,0
11.3,station_1_positioning,0.0,1,1,1,0,0,0,0,0.0,0.0,0,0,0,0,0,0,0
11.4,station_1_positioning,0.0,1,1,1,0,0,0,0,0.0,0.0,0,0,0,0,0,0,0
11.5,station_1_positioning,0.0,1,1,1,1,0,0,0,0.0,0.0,0,0,0,0,0,0,0
11.6,station_1_positioning,0.0,1,1,1,1,0,0,0,0.0,0.0,0,0,0,0,0,0,0
11.7,station_1_positioning,0.0,1,1,1,1,0,0,0,0.0,0.0,0,0,0,0,0,0,0
11.8,station_1_positioning,0.0,1,1,1,1,0,0,0,0.0,0.0,0,0,0,0,0,0,0
11.9,station_1_positioning,0.0,1,1,1,1,0,0,0,0.0,0.0,0,0,0,0,0,0,0
12.0,station_1_positioning,0.0,0,1,1,1,0,0,0,0.0,0.0,0,0,0,0,0,0,0
12.1,station_1_positioning,0.0,0,1,1,1,0,0,0,0.0,0.0,0,0,0,0,0,0,0
12.2,station_1_positioning,0.0,0,1,1,1,0,0,0,0.0,0.0,0,0,0,0,0,0,0
12.3,station_1_positioning,0.0,0,1,1,1,0,0,0,0.0,0.0,0,0,0,0,0,0,0
12.4,station_1_positioning,0.0,0,1,1,1,0,0,0,0.0,0.0,0,0,0,0,0,0,0
12.5,station_1_positioning,0.0,0,1,1,1,0,0,0,0.0,0.0,0,0,0,0,0,0,0
12.6,station_1_positioning,0.0,0,1,1,1,0,0,0,0.0,0.0,0,0,0,0,0,0,0
12.7,station_1_positioning,0.0,0,1,1,1,0,0,0,0.0,0.0,0,0,0,0,0,0,0
12.8,station_1_positioning,0.0,0,1,1,1,0,0,0,0.0,0.0,0,0,0,0,0,0,0
12.9,station_1_positioning,0.0,0,1,1,1,0,0,0,0.0,0.0,0,0,0,0,0,0,0
13.0,station_1_positioning,0.0,0,1,1,1,0,0,0,0.0,0.0,0,0,0,0,0,0,0
13.1,station_1_positioning,0.0,0,1,1,1,0,0,0,0.0,0.0,0,0,0,0,0,0,0
13.2,station_1_positioning,0.0,0,1,1,1,0,0,0,0.0,0.0,0,0,0,0,0,0,0
13.3,station_1_positioning,0.0,0,1,1,1,0,0,0,0.0,0.0,0,0,0,0,0,0,0
13.4,station_1_positioning,0.0,0,1,1,1,0,0,0,0.0,0.0,0,0,0,0,0,0,0
13.5,station_1_positioning,0.0,0,1,1,1,0,0,0,0.0,0.0,0,0,0,0,0,0,0
13.6,station_1_positioning,0.0,0,1,1,1,0,0,0,0.0,0.0,0,0,0,0,0,0,0
13.7,station_1_positioning,0.0,0,1,1,1,0,0,0,0.0,0.0,0,0,0,0,0,0,0
13.8,station_1_positioning,0.0,0,1,1,1,0,0,0,0.0,0.0,0,0,0,0,0,0,0
13.9,station_1_positioning,0.0,0,1,1,1,0,0,0,0.0,0.0,0,0,0,0,0,0,0
14.0,station_1_positioning,0.0,0,1,1,1,0,0,0,0.0,0.0,0,0,0,0,0,0,0
14.1,station_1_positioning,0.0,0,1,1,1,0,0,0,0.0,0.0,0,0,0,0,0,0,0
14.2,station_1_positioning,0.0,0,1,1,1,0,0,0,0.0,0.0,0,0,0,0,0,0,0
14.3,station_1_positioning,0.0,0,1,1,1,0,0,0,0.0,0.0,0,0,0,0,0,0,0
14.4,station_1_positioning,0.0,0,1,1,1,0,0,0,0.0,0.0,0,0,0,0,0,0,0
14.5,station_1_positioning,0.0,0,1,1,1,0,0,0,0.0,0.0,0,0,0,0,0,0,0
14.6,station_1_positioning,0.0,0,1,1,1,0,0,0,0.0,0.0,0,0,0,0,0,0,0
14.7,station_1_positioning,0.0,0,1,1,1,0,0,0,0.0,0.0,0,0,0,0,0,0,0
14.8,station_1_positioning,0.0,0,1,1,1,0,0,0,0.0,0.0,0,0,0,0,0,0,0
14.9,station_1_positioning,0.0,0,1,1,1,0,0,0,0.0,0.0,0,0,0,0,0,0,0
15.0,station_1_positioning,0.0,0,1,1,1,0,0,0,0.0,0.0,0,0,0,0,0,0,0
15.1,station_1_positioning,0.0,0,1,1,1,0,0,0,0.0,0.0,0,0,0,0,0,0,0
15.2,station_1_positioning,0.0,0,1,1,1,0,0,0,0.0,0.0,0,0,0,0,0,0,0
15.3,station_1_positioning,0.0,0,1,1,1,0,0,0,0.0,0.0,0,0,0,0,0,0,0
15.4,station_1_positioning,0.0,0,1,1,1,0,0,0,0.0,0.0,0,0,0,0,0,0,0
15.5,station_1_positioning,0.0,0,1,1,1,0,0,0,0.0,0.0,0,0,0,0,0,0,0
15.6,station_1_positioning,0.0,0,1,1,1,0,0,0,0.0,0.0,0,0,0,0,0,0,0
15.7,station_1_positioning,0.0,0,1,1,1,0,0,0,0.0,0.0,0,0,0,0,0,0,0
15.8,station_1_positioning,0.0,0,1,1,1,0,0,0,0.0,0.0,0,0,0,0,0,0,0
15.9,station_1_positioning,0.0,0,1,1,1,0,0,0,0.0,0.0,0,0,0,0,0,0,0
16.0,station_1_positioning,0.0,0,1,1,1,0,0,0,0.0,0.0,0,0,0,0,0,0,0
16.1,station_1_positioning,0.0,0,1,1,1,0,0,0,0.0,0.0,0,0,0,0,0,0,0
16.2,station_1_positioning,0.0,0,1,1,1,0,0,0,0.0,0.0,0,0,0,0,0,0,0
16.3,station_1_positioning,0.0,0,1,1,1,0,0,0,0.0,0.0,0,0,0,0,0,0,0
16.4,station_1_positioning,0.0,0,1,1,1,0,0,0,0.0,0.0,0,0,0,0,0,0,0
16.5,station_1_positioning,0.0,0,1,1,1,0,0,0,0.0,0.0,0,0,0,0,0,0,0
16.6,station_1_positioning,0.0,0,1,1,1,0,0,0,0.0,0.0,0,0,0,0,0,0,0
16.7,station_1_positioning,0.0,0,1,1,1,0,0,0,0.0,0.0,0,0,0,0,0,0,0
16.8,station_1_positioning,0.0,0,1,1,1,0,0,0,0.0,0.0,0,0,0,0,0,0,0
16.9,station_1_positioning,0.0,0,1,1,1,0,0,0,0.0,0.0,0,0,0,0,0,0,0
17.0,station_1_positioning,0.0,0,1,1,1,0,0,0,0.0,0.0,0,0,0,0,0,0,0
17.1,station_1_positioning,0.0,0,1,1,1,0,0,0,0.0,0.0,0,0,0,0,0,0,0
17.2,station_1_positioning,0.0,0,1,1,1,0,0,0,0.0,0.0,0,0,0,0,0,0,0
17.3,station_1_positioning,0.0,0,1,1,1,0,0,0,0.0,0.0,0,0,0,0,0,0,0
17.4,station_1_positioning,0.0,0,1,1,1,0,0,0,0.0,0.0,0,0,0,0,0,0,0
17.5,station_1_positioning,0.0,0,1,1,1,0,0,0,0.0,0.0,0,0,0,0,0,0,0
17.6,station_1_positioning,0.0,0,1,1,1,0,0,0,0.0,0.0,0,0,0,0,0,0,0
17.7,station_1_positioning,0.0,0,1,1,1,0,0,0,0.0,0.0,0,0,0,0,0,0,0
17.8,station_1_positioning,0.0,0,1,1,1,0,0,0,0.0,0.0,0,0,0,0,0,0,0
17.9,station_1_positioning,0.0,0,1,1,1,0,0,0,0.0,0.0,0,0,0,0,0,0,0
18.0,station_1_positioning,0.0,0,1,1,1,0,0,0,0.0,0.0,0,0,0,0,0,0,0
18.1,station_1_positioning,0.0,0,1,1,1,0,0,0,0.0,0.0,0,0,0,0,0,0,0
18.2,station_1_positioning,0.0,0,1,1,1,0,0,0,0.0,0.0,0,0,0,0,0,0,0
18.3,station_1_positioning,0.0,0,1,1,1,0,0,0,0.0,0.0,0,0,0,0,0,0,0
18.4,station_1_positioning,0.0,0,1,1,1,0,0,0,0.0,0.0,0,0,0,0,0,0,0
18.5,station_1_positioning,0.0,0,1,1,1,0,0,0,0.0,0.0,0,0,0,0,0,0,0
18.6,station_1_positioning,0.0,0,1,1,1,0,0,0,0.0,0.0,0,0,0,0,0,0,0
18.7,station_1_positioning,0.0,0,1,1,1,0,0,0,0.0,0.0,0,0,0,0,0,0,0
18.8,station_1_positioning,0.0,0,1,1,1,0,0,0,0.0,0.0,0,0,0,0,0,0,0
18.9,station_1_positioning,0.0,0,1,1,1,0,0,0,0.0,0.0,0,0,0,0,0,0,0
19.0,station_1_positioning,0.0,0,0,0,0,0,0,0,0.0,0.0,0,0,0,0,0,0,0
19.1,station_1_positioning,0.0,0,0,0,0,0,0,0,0.0,0.0,0,0,0,0,0,0,0
19.2,station_1_positioning,0.0,0,0,0,0,0,0,0,0.0,0.0,0,0,0,0,0,0,0
19.3,station_1_positioning,0.0,0,0,0,0,0,0,0,0.0,0.0,0,0,0,0,0,0,0
19.4,station_1_positioning,0.0,0,0,0,0,0,0,0,0.0,0.0,0,0,0,0,0,0,0
19.5,station_1_positioning,0.0,0,0,0,0,0,0,0,0.0,0.0,0,0,0,0,0,0,0
19.6,station_1_positioning,0.0,0,0,0,0,0,0,0,0.0,0.0,0,0,0,0,0,0,0
19.7,station_1_positioning,0.0,0,0,0,0,0,0,0,0.0,0.0,0,0,0,0,0,0,0
19.8,station_1_positioning,0.0,0,0,0,0,0,0,0,0.0,0.0,0,0,0,0,0,0,0
19.9,station_1_positioning,0.0,0,0,0,0,0,0,0,0.0,0.0,0,0,0,0,0,0,0
20.0,transport_to_station_2,0.25,0,0,0,0,0,0,0,0.0,0.0,0,0,0,0,0,0,0
20.1,transport_to_station_2,0.25,0,0,0,0,0,0,0,0.0,0.0,0,0,0,0,0,0,0
20.2,transport_to_station_2,0.25,0,0,0,0,0,0,0,0.0,0.0,0,0,0,0,0,0,0
20.3,transport_to_station_2,0.25,0,0,0,0,0,0,0,0.0,0.0,0,0,0,0,0,0,0
20.4,transport_to_station_2,0.25,0,0,0,0,0,0,0,0.0,0.0,0,0,0,0,0,0,0
20.5,transport_to_station_2,0.25,0,0,0,0,0,0,0,0.0,0.0,0,0,0,0,0,0,0
20.6,transport_to_station_2,0.25,0,0,0,0,0,0,0,0.0,0.0,0,0,0,0,0,0,0
20.7,transport_to_station_2,0.25,0,0,0,0,0,0,0,0.0,0.0,0,0,0,0,0,0,0
20.8,transport_to_station_2,0.25,0,0,0,0,0,0,0,0.0,0.0,0,0,0,0,0,0,0
20.9,transport_to_station_2,0.25,0,0,0,0,0,0,0,0.0,0.0,0,0,0,0,0,0,0
21.0,transport_to_station_2,0.25,0,0,0,0,0,0,0,0.0,0.0,0,0,0,0,0,0,0
21.1,transport_to_station_2,0.25,0,0,0,0,0,0,0,0.0,0.0,0,0,0,0,0,0,0
21.2,transport_to_station_2,0.25,0,0,0,0,0,0,0,0.0,0.0,0,0,0,0,0,0,0
21.3,transport_to_station_2,0.25,0,0,0,0,0,0,0,0.0,0.0,0,0,0,0,0,0,0
21.4,transport_to_station_2,0.25,0,0,0,0,0,0,0,0.0,0.0,0,0,0,0,0,0,0
21.5,transport_to_station_2,0.25,0,0,0,0,0,0,0,0.0,0.0,0,0,0,0,0,0,0
21.6,transport_to_station_2,0.25,0,0,0,0,0,0,0,0.0,0.0,0,0,0,0,0,0,0
21.7,transport_to_station_2,0.25,0,0,0,0,0,0,0,0.0,0.0,0,0,0,0,0,0,0
21.8,transport_to_station_2,0.25,0,0,0,0,0,0,0,0.0,0.0,0,0,0,0,0,0,0
21.9,transport_to_station_2,0.25,0,0,0,0,0,0,0,0.0,0.0,0,0,0,0,0,0,0
22.0,transport_to_station_2,0.25,0,0,0,0,0,0,0,0.0,0.0,0,0,0,0,0,0,0
22.1,transport_to_station_2,0.25,0,0,0,0,0,0,0,0.0,0.0,0,0,0,0,0,0,0
22.2,transport_to_station_2,0.25,0,0,0,0,0,0,0,0.0,0.0,0,0,0,0,0,0,0
22.3,transport_to_station_2,0.25,0,0,0,0,0,0,0,0.0,0.0,0,0,0,0,0,0,0
22.4,transport_to_station_2,0.25,0,0,0,0,0,0,0,0.0,0.0,0,0,0,0,0,0,0
22.5,transport_to_station_2,0.25,0,0,0,0,0,0,0,0.0,0.0,0,0,0,0,0,0,0
22.6,transport_to_station_2,0.25,0,0,0,0,0,0,0,0.0,0.0,0,0,0,0,0,0,0
22.7,transport_to_station_2,0.25,0,0,0,0,0,0,0,0.0,0.0,0,0,0,0,0,0,0
22.8,transport_to_station_2,0.25,0,0,0,0,0,0,0,0.0,0.0,0,0,0,0,0,0,0
22.9,transport_to_station_2,0.25,0,0,0,0,0,0,0,0.0,0.0,0,0,0,0,0,0,0
23.0,transport_to_station_2,0.25,0,0,0,0,0,0,0,0.0,0.0,0,0,0,0,0,0,0
23.1,transport_to_station_2,0.25,0,0,0,0,0,0,0,0.0,0.0,0,0,0,0,0,0,0
23.2,transport_to_station_2,0.25,0,0,0,0,0,0,0,0.0,0.0,0,0,0,0,0,0,0
23.3,transport_to_station_2,0.25,0,0,0,0,0,0,0,0.0,0.0,0,0,0,0,0,0,0
23.4,transport_to_station_2,0.25,0,0,0,0,0,0,0,0.0,0.0,0,0,0,0,0,0,0
23.5,transport_to_station_2,0.25,0,0,0,0,0,0,0,0.0,0.0,0,0,0,0,0,0,0
23.6,transport_to_station_2,0.25,0,0,0,0,0,0,0,0.0,0.0,0,0,0,0,0,0,0
23.7,transport_to_station_2,0.25,0,0,0,0,0,0,0,0.0,0.0,0,0,0,0,0,0,0
23.8,transport_to_station_2,0.25,0,0,0,0,0,0,0,0.0,0.0,0,0,0,0,0,0,0
23.9,transport_to_station_2,0.25,0,0,0,0,0,0,0,0.0,0.0,0,0,0,0,0,0,0
24.0,transport_to_station_2,0.25,0,0,0,0,0,0,0,0.0,0.0,0,0,0,0,0,0,0
24.1,transport_to_station_2,0.25,0,0,0,0,0,0,0,0.0,0.0,0,0,0,0,0,0,0
24.2,transport_to_station_2,0.25,0,0,0,0,0,0,0,0.0,0.0,0,0,0,0,0,0,0
24.3,transport_to_station_2,0.25,0,0,0,0,0,0,0,0.0,0.0,0,0,0,0,0,0,0
24.4,transport_to_station_2,0.25,0,0,0,0,0,0,0,0.0,0.0,0,0,0,0,0,0,0
24.5,transport_to_station_2,0.25,0,0,0,0,0,0,0,0.0,0.0,0,0,0,0,0,0,0
24.6,transport_to_station_2,0.25,0,0,0,0,0,0,0,0.0,0.0,0,0,0,0,0,0,0
24.7,transport_to_station_2,0.25,0,0,0,0,0,0,0,0.0,0.0,0,0,0,0,0,0,0
24.8,transport_to_station_2,0.25,0,0,0,0,0,0,0,0.0,0.0,0,0,0,0,0,0,0
24.9,transport_to_station_2,0.25,0,0,0,0,0,0,0,0.0,0.0,0,0,0,0,0,0,0
25.0,transport_to_station_2,0.25,0,0,0,0,0,0,0,0.0,0.0,0,0,0,0,0,0,0
25.1,transport_to_station_2,0.25,0,0,0,0,0,0,0,0.0,0.0,0,0,0,0,0,0,0
25.2,transport_to_station_2,0.25,0,0,0,0,0,0,0,0.0,0.0,0,0,0,0,0,0,0
25.3,transport_to_station_2,0.25,0,0,0,0,0,0,0,0.0,0.0,0,0,0,0,0,0,0
25.4,transport_to_station_2,0.25,0,0,0,0,0,0,0,0.0,0.0,0,0,0,0,0,0,0
25.5,transport_to_station_2,0.25,0,0,0,0,0,0,0,0.0,0.0,0,0,0,0,0,0,0
25.6,transport_to_station_2,0.25,0,0,0,0,0,0,0,0.0,0.0,0,0,0,0,0,0,0
25.7,transport_to_station_2,0.25,0,0,0,0,0,0,0,0.0,0.0,0,0,0,0,0,0,0
25.8,transport_to_station_2,0.25,0,0,0,0,0,0,0,0.0,0.0,0,0,0,0,0,0,0
25.9,transport_to_station_2,0.25,0,0,0,0,0,0,0,0.0,0.0,0,0,0,0,0,0,0
26.0,transport_to_station_2,0.25,0,0,0,0,0,0,0,0.0,0.0,0,0,0,0,0,0,0
26.1,transport_to_station_2,0.25,0,0,0,0,0,0,0,0.0,0.0,0,0,0,0,0,0,0
26.2,transport_to_station_2,0.25,0,0,0,0,0,0,0,0.0,0.0,0,0,0,0,0,0,0
26.3,transport_to_station_2,0.25,0,0,0,0,0,0,0,0.0,0.0,0,0,0,0,0,0,0
26.4,transport_to_station_2,0.25,0,0,0,0,0,0,0,0.0,0.0,0,0,0,0,0,0,0
26.5,transport_to_station_2,0.25,0,0,0,0,0,0,0,0.0,0.0,0,0,0,0,0,0,0
26.6,transport_to_station_2,0.25,0,0,0,0,0,0,0,0.0,0.0,0,0,0,0,0,0,0
26.7,transport_to_station_2,0.25,0,0,0,0,0,0,0,0.0,0.0,0,0,0,0,0,0,0
26.8,transport_to_station_2,0.25,0,0,0,0,0,0,0,0.0,0.0,0,0,0,0,0,0,0
26.9,transport_to_station_2,0.25,0,0,0,0,0,0,0,0.0,0.0,0,0,0,0,0,0,0
27.0,transport_to_station_2,0.25,0,0,0,0,0,0,0,0.0,0.0,0,0,0,0,0,0,0
27.1,transport_to_station_2,0.25,0,0,0,0,0,0,0,0.0,0.0,0,0,0,0,0,0,0
27.2,transport_to_station_2,0.25,0,0,0,0,0,0,0,0.0,0.0,0,0,0,0,0,0,0
27.3,transport_to_station_2,0.25,0,0,0,0,0,0,0,0.0,0.0,0,0,0,0,0,0,0
27.4,transport_to_station_2,0.25,0,0,0,0,0,0,0,0.0,0.0,0,0,0,0,0,0,0
27.5,transport_to_station_2,0.25,0,0,0,0,0,0,0,0.0,0.0,0,0,0,0,0,0,0
27.6,transport_to_station_2,0.25,0,0,0,0,0,0,0,0.0,0.0,0,0,0,0,0,0,0
27.7,transport_to_station_2,0.25,0,0,0,0,0,0,0,0.0,0.0,0,0,0,0,0,0,0
27.8,transport_to_station_2,0.25,0,0,0,0,0,0,0,0.0,0.0,0,0,0,0,0,0,0
27.9,transport_to_station_2,0.25,0,0,0,0,0,0,0,0.0,0.0,0,0,0,0,0,0,0
28.0,transport_to_station_2,0.25,0,0,0,0,0,0,0,0.0,0.0,0,0,0,0,0,0,0
28.1,transport_to_station_2,0.25,0,0,0,0,0,0,0,0.0,0.0,0,0,0,0,0,0,0
28.2,transport_to_station_2,0.25,0,0,0,0,0,0,0,0.0,0.0,0,0,0,0,0,0,0
28.3,transport_to_station_2,0.25,0,0,0,0,0,0,0,0.0,0.0,0,0,0,0,0,0,0
28.4,transport_to_station_2,0.25,0,0,0,0,0,0,0,0.0,0.0,0,0,0,0,0,0,0
28.5,transport_to_station_2,0.25,0,0,0,0,0,0,0,0.0,0.0,0,0,0,0,0,0,0
28.6,transport_to_station_2,0.25,0,0,0,0,0,0,0,0.0,0.0,0,0,0,0,0,0,0
28.7,transport_to_station_2,0.25,0,0,0,0,0,0,0,0.0,0.0,0,0,0,0,0,0,0
28.8,transport_to_station_2,0.25,0,0,0,0,0,0,0,0.0,0.0,0,0,0,0,0,0,0
28.9,transport_to_station_2,0.25,0,0,0,0,0,0,0,0.0,0.0,0,0,0,0,0,0,0
29.0,transport_to_station_2,0.25,0,0,0,0,0,0,0,0.0,0.0,0,0,0,0,0,0,0
29.1,transport_to_station_2,0.25,0,0,0,0,0,0,0,0.0,0.0,0,0,0,0,0,0,0
29.2,transport_to_station_2,0.25,0,0,0,0,0,0,0,0.0,0.0,0,0,0,0,0,0,0
29.3,transport_to_station_2,0.25,0,0,0,0,0,0,0,0.0,0.0,0,0,0,0,0,0,0
29.4,transport_to_station_2,0.25,0,0,0,0,0,0,0,0.0,0.0,0,0,0,0,0,0,0
29.5,transport_to_station_2,0.25,0,0,0,0,0,0,0,0.0,0.0,0,0,0,0,0,0,0
29.6,transport_to_station_2,0.25,0,0,0,0,0,0,0,0.0,0.0,0,0,0,0,0,0,0
29.7,transport_to_station_2,0.25,0,0,0,0,0,0,0,0.0,0.0,0,0,0,0,0,0,0
29.8,transport_to_station_2,0.25,0,0,0,0,0,0,0,0.0,0.0,0,0,0,0,0,0,0
29.9,transport_to_station_2,0.25,0,0,0,0,0,0,0,0.0,0.0,0,0,0,0,0,0,0
30.0,station_2_fastening,0.0,0,0,0,0,1,0,0,0.0,0.0,0,0,0,0,0,0,0
30.1,station_2_fastening,0.0,0,0,0,0,1,0,0,0.0,0.0,0,0,0,0,0,0,0
30.2,station_2_fastening,0.0,0,0,0,0,1,0,0,0.0,0.0,0,0,0,0,0,0,0
30.3,station_2_fastening,0.0,0,0,0,0,1,0,0,0.0,0.0,0,0,0,0,0,0,0
30.4,station_2_fastening,0.0,0,0,0,0,1,0,0,0.0,0.0,0,0,0,0,0,0,0
30.5,station_2_fastening,0.0,0,0,0,0,1,0,0,0.0,0.0,0,0,0,0,0,0,0
30.6,station_2_fastening,0.0,0,0,0,0,1,0,0,0.0,0.0,0,0,0,0,0,0,0
30.7,station_2_fastening,0.0,0,0,0,0,1,0,0,0.0,0.0,0,0,0,0,0,0,0
30.8,station_2_fastening,0.0,0,0,0,0,1,0,0,0.0,0.0,0,0,0,0,0,0,0
30.9,station_2_fastening,0.0,0,0,0,0,1,0,0,0.0,0.0,0,0,0,0,0,0,0
31.0,station_2_fastening,0.0,0,0,0,0,1,0,0,0.0,0.0,0,0,0,0,0,0,0
31.1,station_2_fastening,0.0,0,0,0,0,1,0,0,0.0,0.0,0,0,0,0,0,0,0
31.2,station_2_fastening,0.0,0,0,0,0,1,0,0,0.0,0.0,0,0,0,0,0,0,0
31.3,station_2_fastening,0.0,0,0,0,0,1,0,0,0.0,0.0,0,0,0,0,0,0,0
31.4,station_2_fastening,0.0,0,0,0,0,1,0,0,0.0,0.0,0,0,0,0,0,0,0
31.5,station_2_fastening,0.0,0,0,0,0,1,0,0,0.0,0.0,0,0,0,0,0,0,0
31.6,station_2_fastening,0.0,0,0,0,0,1,0,0,0.0,0.0,0,0,0,0,0,0,0
31.7,station_2_fastening,0.0,0,0,0,0,1,0,0,0.0,0.0,0,0,0,0,0,0,0
31.8,station_2_fastening,0.0,0,0,0,0,1,0,0,0.0,0.0,0,0,0,0,0,0,0
31.9,station_2_fastening,0.0,0,0,0,0,1,0,0,0.0,0.0,0,0,0,0,0,0,0
32.0,station_2_fastening,0.0,0,0,0,0,0,0,0,0.0,0.0,0,0,0,0,0,0,0
32.1,station_2_fastening,0.0,0,0,0,0,0,0,0,0.0,0.0,0,0,0,0,0,0,0
32.2,station_2_fastening,0.0,0,0,0,0,0,0,0,0.0,0.0,0,0,0,0,0,0,0
32.3,station_2_fastening,0.0,0,0,0,0,0,0,0,0.0,0.0,0,0,0,0,0,0,0
32.4,station_2_fastening,0.0,0,0,0,0,0,0,0,0.0,0.0,0,0,0,0,0,0,0
32.5,station_2_fastening,0.0,0,0,0,0,0,0,0,0.0,0.0,0,0,0,0,0,0,0
32.6,station_2_fastening,0.0,0,0,0,0,0,0,0,0.0,0.0,0,0,0,0,0,0,0
32.7,station_2_fastening,0.0,0,0,0,0,0,0,0,0.0,0.0,0,0,0,0,0,0,0
32.8,station_2_fastening,0.0,0,0,0,0,0,0,0,0.0,0.0,0,0,0,0,0,0,0
32.9,station_2_fastening,0.0,0,0,0,0,0,0,0,0.0,0.0,0,0,0,0,0,0,0
33.0,station_2_fastening,0.0,0,0,0,0,0,1,0,0.0,0.0,0,0,0,0,0,0,0
33.1,station_2_fastening,0.0,0,0,0,0,0,1,0,0.0,0.0,0,0,0,0,0,0,0
33.2,station_2_fastening,0.0,0,0,0,0,0,1,0,0.0,0.0,0,0,0,0,0,0,0
33.3,station_2_fastening,0.0,0,0,0,0,0,1,0,0.0,0.0,0,0,0,0,0,0,0
33.4,station_2_fastening,0.0,0,0,0,0,0,1,0,0.0,0.0,0,0,0,0,0,0,0
33.5,station_2_fastening,0.0,0,0,0,0,0,1,0,0.0,0.0,0,0,0,0,0,0,0
33.6,station_2_fastening,0.0,0,0,0,0,0,1,0,0.0,0.0,0,0,0,0,0,0,0
33.7,station_2_fastening,0.0,0,0,0,0,0,1,0,0.0,0.0,0,0,0,0,0,0,0
33.8,station_2_fastening,0.0,0,0,0,0,0,1,0,0.0,0.0,0,0,0,0,0,0,0
33.9,station_2_fastening,0.0,0,0,0,0,0,1,0,0.0,0.0,0,0,0,0,0,0,0
34.0,station_2_fastening,0.0,0,0,0,0,0,1,0,0.0,0.0,0,0,0,0,0,0,0
34.1,station_2_fastening,0.0,0,0,0,0,0,1,0,0.0,0.0,0,0,0,0,0,0,0
34.2,station_2_fastening,0.0,0,0,0,0,0,1,0,0.0,0.0,0,0,0,0,0,0,0
34.3,station_2_fastening,0.0,0,0,0,0,0,1,0,0.0,0.0,0,0,0,0,0,0,0
34.4,station_2_fastening,0.0,0,0,0,0,0,1,0,0.0,0.0,0,0,0,0,0,0,0
34.5,station_2_fastening,0.0,0,0,0,0,0,1,0,0.0,0.0,0,0,0,0,0,0,0
34.6,station_2_fastening,0.0,0,0,0,0,0,1,0,0.0,0.0,0,0,0,0,0,0,0
34.7,station_2_fastening,0.0,0,0,0,0,0,1,0,0.0,0.0,0,0,0,0,0,0,0
34.8,station_2_fastening,0.0,0,0,0,0,0,1,0,0.0,0.0,0,0,0,0,0,0,0
34.9,station_2_fastening,0.0,0,0,0,0,0,1,0,0.0,0.0,0,0,0,0,0,0,0
35.0,station_2_fastening,0.0,0,0,0,0,0,1,0,0.0,0.0,0,0,0,0,0,0,0
35.1,station_2_fastening,0.0,0,0,0,0,0,1,0,0.75,180.0,0,0,0,0,0,0,0
35.2,station_2_fastening,0.0,0,0,0,0,0,1,0,1.5,360.0,0,0,0,0,0,0,0
35.3,station_2_fastening,0.0,0,0,0,0,0,1,0,1.5,540.0,0,0,0,0,0,0,0
35.4,station_2_fastening,0.0,0,0,0,0,0,1,0,1.5,720.0,0,0,0,0,0,0,0
35.5,station_2_fastening,0.0,0,0,0,0,0,1,0,1.5,900.0,0,0,0,0,0,0,0
35.6,station_2_fastening,0.0,0,0,0,0,0,1,0,1.5,1080.0,0,0,0,0,0,0,0
35.7,station_2_fastening,0.0,0,0,0,0,0,1,0,1.5,1260.0,0,0,0,0,0,0,0
35.8,station_2_fastening,0.0,0,0,0,0,0,1,0,1.5,1440.0,0,0,0,0,0,0,0
35.9,station_2_fastening,0.0,0,0,0,0,0,1,0,1.5,1620.0,0,0,0,0,0,0,0
36.0,station_2_fastening,0.0,0,0,0,0,0,1,0,1.5,1800.0,0,0,0,0,0,0,0
36.1,station_2_fastening,0.0,0,0,0,0,0,1,0,1.5,1980.0,0,0,0,0,0,0,0
36.2,station_2_fastening,0.0,0,0,0,0,0,1,0,1.5,2160.0,0,0,0,0,0,0,0
36.3,station_2_fastening,0.0,0,0,0,0,0,1,0,1.5,2340.0,0,0,0,0,0,0,0
36.4,station_2_fastening,0.0,0,0,0,0,0,1,0,1.5,2520.0,0,0,0,0,0,0,0
36.5,station_2_fastening,0.0,0,0,0,0,0,1,0,1.5,2700.0,0,0,0,0,0,0,0
36.6,station_2_fastening,0.0,0,0,0,0,0,1,0,1.5,2880.0,0,0,0,0,0,0,0
36.7,station_2_fastening,0.0,0,0,0,0,0,1,0,1.5,3060.0,0,0,0,0,0,0,0
36.8,station_2_fastening,0.0,0,0,0,0,0,1,0,1.5,3240.0,0,0,0,0,0,0,0
36.9,station_2_fastening,0.0,0,0,0,0,0,1,0,1.5,3420.0,0,0,0,0,0,0,0
37.0,station_2_fastening,0.0,0,0,0,0,0,1,0,1.5,3600.0,0,0,0,0,0,0,0
37.1,station_2_fastening,0.0,0,0,0,0,0,1,0,1.5,3780.0,0,0,0,0,0,0,0
37.2,station_2_fastening,0.0,0,0,0,0,0,1,0,1.5,3960.0,0,0,0,0,0,0,0
37.3,station_2_fastening,0.0,0,0,0,0,0,1,0,1.5,4140.0,0,0,0,0,0,0,0
37.4,station_2_fastening,0.0,0,0,0,0,0,1,0,1.5,4320.0,0,0,0,0,0,0,0
37.5,station_2_fastening,0.0,0,0,0,0,0,1,0,3.25,4320.0,0,0,0,0,0,0,0
37.6,station_2_fastening,0.0,0,0,0,0,0,1,0,5.0,4320.0,0,0,0,0,0,0,0
37.7,station_2_fastening,0.0,0,0,0,0,0,1,0,6.75,4320.0,0,0,0,0,0,0,0
37.8,station_2_fastening,0.0,0,0,0,0,0,1,0,8.5,4320.0,0,0,0,0,0,0,0
37.9,station_2_fastening,0.0,0,0,0,0,0,1,0,10.25,4320.0,0,0,0,0,0,0,0
38.0,station_2_fastening,0.0,0,0,0,0,0,1,0,12.0,4320.0,0,0,0,0,0,0,0
38.1,station_2_fastening,0.0,0,0,0,0,0,1,0,12.0,4320.0,0,0,0,0,0,0,0
38.2,station_2_fastening,0.0,0,0,0,0,0,1,0,12.0,4320.0,0,0,0,0,0,0,0
38.3,station_2_fastening,0.0,0,0,0,0,0,1,0,12.0,4320.0,0,0,0,0,0,0,0
38.4,station_2_fastening,0.0,0,0,0,0,0,1,0,12.0,4320.0,0,0,0,0,0,0,0
38.5,station_2_fastening,0.0,0,0,0,0,0,1,0,12.0,4320.0,0,0,0,0,0,0,0
38.6,station_2_fastening,0.0,0,0,0,0,0,1,0,12.0,4320.0,0,0,0,0,0,0,0
38.7,station_2_fastening,0.0,0,0,0,0,0,1,0,12.0,4320.0,0,0,0,0,0,0,0
38.8,station_2_fastening,0.0,0,0,0,0,0,1,0,12.0,4320.0,0,0,0,0,0,0,0
38.9,station_2_fastening,0.0,0,0,0,0,0,1,0,12.0,4320.0,0,0,0,0,0,0,0
39.0,station_2_fastening,0.0,0,0,0,0,0,1,0,12.0,4320.0,0,0,0,0,0,0,0
39.1,station_2_fastening,0.0,0,0,0,0,0,1,0,9.6,4320.0,0,0,0,0,0,0,0
39.2,station_2_fastening,0.0,0,0,0,0,0,1,0,7.2,4320.0,0,0,0,0,0,0,0
39.3,station_2_fastening,0.0,0,0,0,0,0,1,0,4.8,4320.0,0,0,0,0,0,0,0
39.4,station_2_fastening,0.0,0,0,0,0,0,1,0,2.4,4320.0,0,0,0,0,0,0,0
39.5,station_2_fastening,0.0,0,0,0,0,0,0,0,0.0,4320.0,0,0,0,0,0,0,0
39.6,station_2_fastening,0.0,0,0,0,0,0,0,0,0.0,4320.0,0,0,0,0,0,0,0
39.7,station_2_fastening,0.0,0,0,0,0,0,0,0,0.0,4320.0,0,0,0,0,0,0,0
39.8,station_2_fastening,0.0,0,0,0,0,0,0,0,0.0,4320.0,0,0,0,0,0,0,0
39.9,station_2_fastening,0.0,0,0,0,0,0,0,0,0.0,4320.0,0,0,0,0,0,0,0
40.0,station_2_fastening,0.0,0,0,0,0,0,0,0,0.0,4320.0,0,0,0,0,0,0,0
40.1,station_2_fastening,0.0,0,0,0,0,0,0,0,0.0,4320.0,0,0,0,0,0,0,0
40.2,station_2_fastening,0.0,0,0,0,0,0,0,0,0.0,4320.0,0,0,0,0,0,0,0
40.3,station_2_fastening,0.0,0,0,0,0,0,0,0,0.0,4320.0,0,0,0,0,0,0,0
40.4,station_2_fastening,0.0,0,0,0,0,0,0,0,0.0,4320.0,0,0,0,0,0,0,0
40.5,station_2_fastening,0.0,0,0,0,0,0,0,0,0.0,4320.0,0,0,0,0,0,0,0
40.6,station_2_fastening,0.0,0,0,0,0,0,0,0,0.0,4320.0,0,0,0,0,0,0,0
40.7,station_2_fastening,0.0,0,0,0,0,0,0,0,0.0,4320.0,0,0,0,0,0,0,0
40.8,station_2_fastening,0.0,0,0,0,0,0,0,0,0.0,4320.0,0,0,0,0,0,0,0
40.9,station_2_fastening,0.0,0,0,0,0,0,0,0,0.0,4320.0,0,0,0,0,0,0,0
41.0,station_2_fastening,0.0,0,0,0,0,0,0,0,0.0,4320.0,0,0,0,0,0,0,0
41.1,station_2_fastening,0.0,0,0,0,0,0,0,0,0.0,4320.0,0,0,0,0,0,0,0
41.2,station_2_fastening,0.0,0,0,0,0,0,0,0,0.0,4320.0,0,0,0,0,0,0,0
41.3,station_2_fastening,0.0,0,0,0,0,0,0,0,0.0,4320.0,0,0,0,0,0,0,0
41.4,station_2_fastening,0.0,0,0,0,0,0,0,0,0.0,4320.0,0,0,0,0,0,0,0
41.5,station_2_fastening,0.0,0,0,0,0,0,0,0,0.0,4320.0,0,0,0,0,0,0,0
41.6,station_2_fastening,0.0,0,0,0,0,0,0,0,0.0,4320.0,0,0,0,0,0,0,0
41.7,station_2_fastening,0.0,0,0,0,0,0,0,0,0.0,4320.0,0,0,0,0,0,0,0
41.8,station_2_fastening,0.0,0,0,0,0,0,0,0,0.0,4320.0,0,0,0,0,0,0,0
41.9,station_2_fastening,0.0,0,0,0,0,0,0,0,0.0,4320.0,0,0,0,0,0,0,0
42.0,station_2_fastening,0.0,0,0,0,0,0,0,0,0.0,4320.0,0,0,0,0,0,0,0
42.1,station_2_fastening,0.0,0,0,0,0,0,0,0,0.0,4320.0,0,0,0,0,0,0,0
42.2,station_2_fastening,0.0,0,0,0,0,0,0,0,0.0,4320.0,0,0,0,0,0,0,0
42.3,station_2_fastening,0.0,0,0,0,0,0,0,0,0.0,4320.0,0,0,0,0,0,0,0
42.4,station_2_fastening,0.0,0,0,0,0,0,0,0,0.0,4320.0,0,0,0,0,0,0,0
42.5,station_2_fastening,0.0,0,0,0,0,0,0,0,0.0,4320.0,0,0,0,0,0,0,0
42.6,station_2_fastening,0.0,0,0,0,0,0,0,0,0.0,4320.0,0,0,0,0,0,0,0
42.7,station_2_fastening,0.0,0,0,0,0,0,0,0,0.0,4320.0,0,0,0,0,0,0,0
42.8,station_2_fastening,0.0,0,0,0,0,0,0,0,0.0,4320.0,0,0,0,0,0,0,0
42.9,station_2_fastening,0.0,0,0,0,0,0,0,0,0.0,4320.0,0,0,0,0,0,0,0
43.0,station_2_fastening,0.0,0,0,0,0,0,0,0,0.0,4320.0,0,0,0,0,0,0,0
43.1,station_2_fastening,0.0,0,0,0,0,0,0,0,0.0,4320.0,0,0,0,0,0,0,0
43.2,station_2_fastening,0.0,0,0,0,0,0,0,0,0.0,4320.0,0,0,0,0,0,0,0
43.3,station_2_fastening,0.0,0,0,0,0,0,0,0,0.0,4320.0,0,0,0,0,0,0,0
43.4,station_2_fastening,0.0,0,0,0,0,0,0,0,0.0,4320.0,0,0,0,0,0,0,0
43.5,station_2_fastening,0.0,0,0,0,0,0,0,0,0.0,4320.0,0,0,0,0,0,0,0
43.6,station_2_fastening,0.0,0,0,0,0,0,0,0,0.0,4320.0,0,0,0,0,0,0,0
43.7,station_2_fastening,0.0,0,0,0,0,0,0,0,0.0,4320.0,0,0,0,0,0,0,0
43.8,station_2_fastening,0.0,0,0,0,0,0,0,0,0.0,4320.0,0,0,0,0,0,0,0
43.9,station_2_fastening,0.0,0,0,0,0,0,0,0,0.0,4320.0,0,0,0,0,0,0,0
44.0,station_2_fastening,0.0,0,0,0,0,0,0,0,0.0,4320.0,0,0,0,0,0,0,0
44.1,station_2_fastening,0.0,0,0,0,0,0,0,0,0.0,4320.0,0,0,0,0,0,0,0
44.2,station_2_fastening,0.0,0,0,0,0,0,0,0,0.0,4320.0,0,0,0,0,0,0,0
44.3,station_2_fastening,0.0,0,0,0,0,0,0,0,0.0,4320.0,0,0,0,0,0,0,0
44.4,station_2_fastening,0.0,0,0,0,0,0,0,0,0.0,4320.0,0,0,0,0,0,0,0
44.5,station_2_fastening,0.0,0,0,0,0,0,0,0,0.0,4320.0,0,0,0,0,0,0,0
44.6,station_2_fastening,0.0,0,0,0,0,0,0,0,0.0,4320.0,0,0,0,0,0,0,0
44.7,station_2_fastening,0.0,0,0,0,0,0,0,0,0.0,4320.0,0,0,0,0,0,0,0
44.8,station_2_fastening,0.0,0,0,0,0,0,0,0,0.0,4320.0,0,0,0,0,0,0,0
44.9,station_2_fastening,0.0,0,0,0,0,0,0,0,0.0,4320.0,0,0,0,0,0,0,0
45.0,station_2_fastening,0.0,0,0,0,0,0,0,0,0.0,4320.0,0,0,0,0,0,0,0
45.1,station_2_fastening,0.0,0,0,0,0,0,0,0,0.0,4320.0,0,0,0,0,0,0,0
45.2,station_2_fastening,0.0,0,0,0,0,0,0,0,0.0,4320.0,0,0,0,0,0,0,0
45.3,station_2_fastening,0.0,0,0,0,0,0,0,0,0.0,4320.0,0,0,0,0,0,0,0
45.4,station_2_fastening,0.0,0,0,0,0,0,0,0,0.0,4320.0,0,0,0,0,0,0,0
45.5,station_2_fastening,0.0,0,0,0,0,0,0,0,0.0,4320.0,0,0,0,0,0,0,0
45.6,station_2_fastening,0.0,0,0,0,0,0,0,0,0.0,4320.0,0,0,0,0,0,0,0
45.7,station_2_fastening,0.0,0,0,0,0,0,0,0,0.0,4320.0,0,0,0,0,0,0,0
45.8,station_2_fastening,0.0,0,0,0,0,0,0,0,0.0,4320.0,0,0,0,0,0,0,0
45.9,station_2_fastening,0.0,0,0,0,0,0,0,0,0.0,4320.0,0,0,0,0,0,0,0
46.0,station_2_fastening,0.0,0,0,0,0,0,0,0,0.0,4320.0,0,0,0,0,0,0,0
46.1,station_2_fastening,0.0,0,0,0,0,0,0,0,0.0,4320.0,0,0,0,0,0,0,0
46.2,station_2_fastening,0.0,0,0,0,0,0,0,0,0.0,4320.0,0,0,0,0,0,0,0
46.3,station_2_fastening,0.0,0,0,0,0,0,0,0,0.0,4320.0,0,0,0,0,0,0,0
46.4,station_2_fastening,0.0,0,0,0,0,0,0,0,0.0,4320.0,0,0,0,0,0,0,0
46.5,station_2_fastening,0.0,0,0,0,0,0,0,0,0.0,4320.0,0,0,0,0,0,0,0
46.6,station_2_fastening,0.0,0,0,0,0,0,0,0,0.0,4320.0,0,0,0,0,0,0,0
46.7,station_2_fastening,0.0,0,0,0,0,0,0,0,0.0,4320.0,0,0,0,0,0,0,0
46.8,station_2_fastening,0.0,0,0,0,0,0,0,0,0.0,4320.0,0,0,0,0,0,0,0
46.9,station_2_fastening,0.0,0,0,0,0,0,0,0,0.0,4320.0,0,0,0,0,0,0,0
47.0,station_2_fastening,0.0,0,0,0,0,0,0,0,0.0,4320.0,0,0,0,0,0,0,0
47.1,station_2_fastening,0.0,0,0,0,0,0,0,0,0.0,4320.0,0,0,0,0,0,0,0
47.2,station_2_fastening,0.0,0,0,0,0,0,0,0,0.0,4320.0,0,0,0,0,0,0,0
47.3,station_2_fastening,0.0,0,0,0,0,0,0,0,0.0,4320.0,0,0,0,0,0,0,0
47.4,station_2_fastening,0.0,0,0,0,0,0,0,0,0.0,4320.0,0,0,0,0,0,0,0
47.5,station_2_fastening,0.0,0,0,0,0,0,0,0,0.0,4320.0,0,0,0,0,0,0,0
47.6,station_2_fastening,0.0,0,0,0,0,0,0,0,0.0,4320.0,0,0,0,0,0,0,0
47.7,station_2_fastening,0.0,0,0,0,0,0,0,0,0.0,4320.0,0,0,0,0,0,0,0
47.8,station_2_fastening,0.0,0,0,0,0,0,0,0,0.0,4320.0,0,0,0,0,0,0,0
47.9,station_2_fastening,0.0,0,0,0,0,0,0,0,0.0,4320.0,0,0,0,0,0,0,0
48.0,station_2_fastening,0.0,0,0,0,0,0,0,0,0.0,4320.0,0,0,0,0,0,0,0
48.1,station_2_fastening,0.0,0,0,0,0,0,0,0,0.0,4320.0,0,0,0,0,0,0,0
48.2,station_2_fastening,0.0,0,0,0,0,0,0,0,0.0,4320.0,0,0,0,0,0,0,0
48.3,station_2_fastening,0.0,0,0,0,0,0,0,0,0.0,4320.0,0,0,0,0,0,0,0
48.4,station_2_fastening,0.0,0,0,0,0,0,0,0,0.0,4320.0,0,0,0,0,0,0,0
48.5,station_2_fastening,0.0,0,0,0,0,0,0,0,0.0,4320.0,0,0,0,0,0,0,0
48.6,station_2_fastening,0.0,0,0,0,0,0,0,0,0.0,4320.0,0,0,0,0,0,0,0
48.7,station_2_fastening,0.0,0,0,0,0,0,0,0,0.0,4320.0,0,0,0,0,0,0,0
48.8,station_2_fastening,0.0,0,0,0,0,0,0,0,0.0,4320.0,0,0,0,0,0,0,0
48.9,station_2_fastening,0.0,0,0,0,0,0,0,0,0.0,4320.0,0,0,0,0,0,0,0
49.0,station_2_fastening,0.0,0,0,0,0,0,0,0,0.0,4320.0,0,0,0,0,0,0,0
49.1,station_2_fastening,0.0,0,0,0,0,0,0,0,0.0,4320.0,0,0,0,0,0,0,0
49.2,station_2_fastening,0.0,0,0,0,0,0,0,0,0.0,4320.0,0,0,0,0,0,0,0
49.3,station_2_fastening,0.0,0,0,0,0,0,0,0,0.0,4320.0,0,0,0,0,0,0,0
49.4,station_2_fastening,0.0,0,0,0,0,0,0,0,0.0,4320.0,0,0,0,0,0,0,0
49.5,station_2_fastening,0.0,0,0,0,0,0,0,0,0.0,4320.0,0,0,0,0,0,0,0
49.6,station_2_fastening,0.0,0,0,0,0,0,0,0,0.0,4320.0,0,0,0,0,0,0,0
49.7,station_2_fastening,0.0,0,0,0,0,0,0,0,0.0,4320.0,0,0,0,0,0,0,0
49.8,station_2_fastening,0.0,0,0,0,0,0,0,0,0.0,4320.0,0,0,0,0,0,0,0
49.9,station_2_fastening,0.0,0,0,0,0,0,0,0,0.0,4320.0,0,0,0,0,0,0,0
50.0,station_2_fastening,0.0,0,0,0,0,0,0,0,0.0,4320.0,0,0,0,0,0,0,0
50.1,station_2_fastening,0.0,0,0,0,0,0,0,0,0.0,4320.0,0,0,0,0,0,0,0
50.2,station_2_fastening,0.0,0,0,0,0,0,0,0,0.0,4320.0,0,0,0,0,0,0,0
50.3,station_2_fastening,0.0,0,0,0,0,0,0,0,0.0,4320.0,0,0,0,0,0,0,0
50.4,station_2_fastening,0.0,0,0,0,0,0,0,0,0.0,4320.0,0,0,0,0,0,0,0
50.5,station_2_fastening,0.0,0,0,0,0,0,0,0,0.0,4320.0,0,0,0,0,0,0,0
50.6,station_2_fastening,0.0,0,0,0,0,0,0,0,0.0,4320.0,0,0,0,0,0,0,0
50.7,station_2_fastening,0.0,0,0,0,0,0,0,0,0.0,4320.0,0,0,0,0,0,0,0
50.8,station_2_fastening,0.0,0,0,0,0,0,0,0,0.0,4320.0,0,0,0,0,0,0,0
50.9,station_2_fastening,0.0,0,0,0,0,0,0,0,0.0,4320.0,0,0,0,0,0,0,0
51.0,station_2_fastening,0.0,0,0,0,0,0,0,0,0.0,4320.0,0,0,0,0,0,0,0
51.1,station_2_fastening,0.0,0,0,0,0,0,0,0,0.0,4320.0,0,0,0,0,0,0,0
51.2,station_2_fastening,0.0,0,0,0,0,0,0,0,0.0,4320.0,0,0,0,0,0,0,0
51.3,station_2_fastening,0.0,0,0,0,0,0,0,0,0.0,4320.0,0,0,0,0,0,0,0
51.4,station_2_fastening,0.0,0,0,0,0,0,0,0,0.0,4320.0,0,0,0,0,0,0,0
51.5,station_2_fastening,0.0,0,0,0,0,0,0,0,0.0,4320.0,0,0,0,0,0,0,0
51.6,station_2_fastening,0.0,0,0,0,0,0,0,0,0.0,4320.0,0,0,0,0,0,0,0
51.7,station_2_fastening,0.0,0,0,0,0,0,0,0,0.0,4320.0,0,0,0,0,0,0,0
51.8,station_2_fastening,0.0,0,0,0,0,0,0,0,0.0,4320.0,0,0,0,0,0,0,0
51.9,station_2_fastening,0.0,0,0,0,0,0,0,0,0.0,4320.0,0,0,0,0,0,0,0
52.0,station_2_fastening,0.0,0,0,0,0,0,0,0,0.0,4320.0,0,0,0,0,0,0,0
52.1,station_2_fastening,0.0,0,0,0,0,0,0,0,0.0,4320.0,0,0,0,0,0,0,0
52.2,station_2_fastening,0.0,0,0,0,0,0,0,0,0.0,4320.0,0,0,0,0,0,0,0
52.3,station_2_fastening,0.0,0,0,0,0,0,0,0,0.0,4320.0,0,0,0,0,0,0,0
52.4,station_2_fastening,0.0,0,0,0,0,0,0,0,0.0,4320.0,0,0,0,0,0,0,0
52.5,station_2_fastening,0.0,0,0,0,0,0,0,0,0.0,4320.0,0,0,0,0,0,0,0
52.6,station_2_fastening,0.0,0,0,0,0,0,0,0,0.0,4320.0,0,0,0,0,0,0,0
52.7,station_2_fastening,0.0,0,0,0,0,0,0,0,0.0,4320.0,0,0,0,0,0,0,0
52.8,station_2_fastening,0.0,0,0,0,0,0,0,0,0.0,4320.0,0,0,0,0,0,0,0
52.9,station_2_fastening,0.0,0,0,0,0,0,0,0,0.0,4320.0,0,0,0,0,0,0,0
53.0,station_2_fastening,0.0,0,0,0,0,0,0,0,0.0,4320.0,0,0,0,0,0,0,0
53.1,station_2_fastening,0.0,0,0,0,0,0,0,0,0.0,4320.0,0,0,0,0,0,0,0
53.2,station_2_fastening,0.0,0,0,0,0,0,0,0,0.0,4320.0,0,0,0,0,0,0,0
53.3,station_2_fastening,0.0,0,0,0,0,0,0,0,0.0,4320.0,0,0,0,0,0,0,0
53.4,station_2_fastening,0.0,0,0,0,0,0,0,0,0.0,4320.0,0,0,0,0,0,0,0
53.5,station_2_fastening,0.0,0,0,0,0,0,0,0,0.0,4320.0,0,0,0,0,0,0,0
53.6,station_2_fastening,0.0,0,0,0,0,0,0,0,0.0,4320.0,0,0,0,0,0,0,0
53.7,station_2_fastening,0.0,0,0,0,0,0,0,0,0.0,4320.0,0,0,0,0,0,0,0
53.8,station_2_fastening,0.0,0,0,0,0,0,0,0,0.0,4320.0,0,0,0,0,0,0,0
53.9,station_2_fastening,0.0,0,0,0,0,0,0,0,0.0,4320.0,0,0,0,0,0,0,0
54.0,station_2_fastening,0.0,0,0,0,0,0,0,0,0.0,4320.0,0,0,0,0,0,0,0
54.1,station_2_fastening,0.0,0,0,0,0,0,0,0,0.0,4320.0,0,0,0,0,0,0,0
54.2,station_2_fastening,0.0,0,0,0,0,0,0,0,0.0,4320.0,0,0,0,0,0,0,0
54.3,station_2_fastening,0.0,0,0,0,0,0,0,0,0.0,4320.0,0,0,0,0,0,0,0
54.4,station_2_fastening,0.0,0,0,0,0,0,0,0,0.0,4320.0,0,0,0,0,0,0,0
54.5,station_2_fastening,0.0,0,0,0,0,0,0,0,0.0,4320.0,0,0,0,0,0,0,0
54.6,station_2_fastening,0.0,0,0,0,0,0,0,0,0.0,4320.0,0,0,0,0,0,0,0
54.7,station_2_fastening,0.0,0,0,0,0,0,0,0,0.0,4320.0,0,0,0,0,0,0,0
54.8,station_2_fastening,0.0,0,0,0,0,0,0,0,0.0,4320.0,0,0,0,0,0,0,0
54.9,station_2_fastening,0.0,0,0,0,0,0,0,0,0.0,4320.0,0,0,0,0,0,0,0
55.0,station_2_fastening,0.0,0,0,0,0,0,0,0,0.0,4320.0,0,0,0,0,0,0,0
55.1,station_2_fastening,0.0,0,0,0,0,0,0,0,0.0,4320.0,0,0,0,0,0,0,0
55.2,station_2_fastening,0.0,0,0,0,0,0,0,0,0.0,4320.0,0,0,0,0,0,0,0
55.3,station_2_fastening,0.0,0,0,0,0,0,0,0,0.0,4320.0,0,0,0,0,0,0,0
55.4,station_2_fastening,0.0,0,0,0,0,0,0,0,0.0,4320.0,0,0,0,0,0,0,0
55.5,station_2_fastening,0.0,0,0,0,0,0,0,0,0.0,4320.0,0,0,0,0,0,0,0
55.6,station_2_fastening,0.0,0,0,0,0,0,0,0,0.0,4320.0,0,0,0,0,0,0,0
55.7,station_2_fastening,0.0,0,0,0,0,0,0,0,0.0,4320.0,0,0,0,0,0,0,0
55.8,station_2_fastening,0.0,0,0,0,0,0,0,0,0.0,4320.0,0,0,0,0,0,0,0
55.9,station_2_fastening,0.0,0,0,0,0,0,0,0,0.0,4320.0,0,0,0,0,0,0,0
56.0,station_2_fastening,0.0,0,0,0,0,0,0,0,0.0,4320.0,0,0,0,0,0,0,0
56.1,station_2_fastening,0.0,0,0,0,0,0,0,0,0.0,4320.0,0,0,0,0,0,0,0
56.2,station_2_fastening,0.0,0,0,0,0,0,0,0,0.0,4320.0,0,0,0,0,0,0,0
56.3,station_2_fastening,0.0,0,0,0,0,0,0,0,0.0,4320.0,0,0,0,0,0,0,0
56.4,station_2_fastening,0.0,0,0,0,0,0,0,0,0.0,4320.0,0,0,0,0,0,0,0
56.5,station_2_fastening,0.0,0,0,0,0,0,0,0,0.0,4320.0,0,0,0,0,0,0,0
56.6,station_2_fastening,0.0,0,0,0,0,0,0,0,0.0,4320.0,0,0,0,0,0,0,0
56.7,station_2_fastening,0.0,0,0,0,0,0,0,0,0.0,4320.0,0,0,0,0,0,0,0
56.8,station_2_fastening,0.0,0,0,0,0,0,0,0,0.0,4320.0,0,0,0,0,0,0,0
56.9,station_2_fastening,0.0,0,0,0,0,0,0,0,0.0,4320.0,0,0,0,0,0,0,0
57.0,station_2_fastening,0.0,0,0,0,0,0,0,0,0.0,4320.0,0,0,0,0,0,0,0
57.1,station_2_fastening,0.0,0,0,0,0,0,0,0,0.0,4320.0,0,0,0,0,0,0,0
57.2,station_2_fastening,0.0,0,0,0,0,0,0,0,0.0,4320.0,0,0,0,0,0,0,0
57.3,station_2_fastening,0.0,0,0,0,0,0,0,0,0.0,4320.0,0,0,0,0,0,0,0
57.4,station_2_fastening,0.0,0,0,0,0,0,0,0,0.0,4320.0,0,0,0,0,0,0,0
57.5,station_2_fastening,0.0,0,0,0,0,0,0,0,0.0,4320.0,0,0,0,0,0,0,0
57.6,station_2_fastening,0.0,0,0,0,0,0,0,0,0.0,4320.0,0,0,0,0,0,0,0
57.7,station_2_fastening,0.0,0,0,0,0,0,0,0,0.0,4320.0,0,0,0,0,0,0,0
57.8,station_2_fastening,0.0,0,0,0,0,0,0,0,0.0,4320.0,0,0,0,0,0,0,0
57.9,station_2_fastening,0.0,0,0,0,0,0,0,0,0.0,4320.0,0,0,0,0,0,0,0
58.0,station_2_fastening,0.0,0,0,0,0,0,0,0,0.0,4320.0,0,0,0,0,0,0,0
58.1,station_2_fastening,0.0,0,0,0,0,0,0,0,0.0,4320.0,0,0,0,0,0,0,0
58.2,station_2_fastening,0.0,0,0,0,0,0,0,0,0.0,4320.0,0,0,0,0,0,0,0
58.3,station_2_fastening,0.0,0,0,0,0,0,0,0,0.0,4320.0,0,0,0,0,0,0,0
58.4,station_2_fastening,0.0,0,0,0,0,0,0,0,0.0,4320.0,0,0,0,0,0,0,0
58.5,station_2_fastening,0.0,0,0,0,0,0,0,0,0.0,4320.0,0,0,0,0,0,0,0
58.6,station_2_fastening,0.0,0,0,0,0,0,0,0,0.0,4320.0,0,0,0,0,0,0,0
58.7,station_2_fastening,0.0,0,0,0,0,0,0,0,0.0,4320.0,0,0,0,0,0,0,0
58.8,station_2_fastening,0.0,0,0,0,0,0,0,0,0.0,4320.0,0,0,0,0,0,0,0
58.9,station_2_fastening,0.0,0,0,0,0,0,0,0,0.0,4320.0,0,0,0,0,0,0,0
59.0,station_2_fastening,0.0,0,0,0,0,0,0,0,0.0,4320.0,0,0,0,0,0,0,0
59.1,station_2_fastening,0.0,0,0,0,0,0,0,0,0.0,4320.0,0,0,0,0,0,0,0
59.2,station_2_fastening,0.0,0,0,0,0,0,0,0,0.0,4320.0,0,0,0,0,0,0,0
59.3,station_2_fastening,0.0,0,0,0,0,0,0,0,0.0,4320.0,0,0,0,0,0,0,0
59.4,station_2_fastening,0.0,0,0,0,0,0,0,0,0.0,4320.0,0,0,0,0,0,0,0
59.5,station_2_fastening,0.0,0,0,0,0,0,0,0,0.0,4320.0,0,0,0,0,0,0,0
59.6,station_2_fastening,0.0,0,0,0,0,0,0,0,0.0,4320.0,0,0,0,0,0,0,0
59.7,station_2_fastening,0.0,0,0,0,0,0,0,0,0.0,4320.0,0,0,0,0,0,0,0
59.8,station_2_fastening,0.0,0,0,0,0,0,0,0,0.0,4320.0,0,0,0,0,0,0,0
59.9,station_2_fastening,0.0,0,0,0,0,0,0,0,0.0,4320.0,0,0,0,0,0,0,0
60.0,transport_to_station_3,0.25,0,0,0,0,0,0,1,0.0,4320.0,0,0,0,0,0,0,0
60.1,transport_to_station_3,0.25,0,0,0,0,0,0,1,0.0,4320.0,0,0,0,0,0,0,0
60.2,transport_to_station_3,0.25,0,0,0,0,0,0,1,0.0,4320.0,0,0,0,0,0,0,0
60.3,transport_to_station_3,0.25,0,0,0,0,0,0,1,0.0,4320.0,0,0,0,0,0,0,0
60.4,transport_to_station_3,0.25,0,0,0,0,0,0,1,0.0,4320.0,0,0,0,0,0,0,0
60.5,transport_to_station_3,0.25,0,0,0,0,0,0,1,0.0,4320.0,0,0,0,0,0,0,0
60.6,transport_to_station_3,0.25,0,0,0,0,0,0,1,0.0,4320.0,0,0,0,0,0,0,0
60.7,transport_to_station_3,0.25,0,0,0,0,0,0,1,0.0,4320.0,0,0,0,0,0,0,0
60.8,transport_to_station_3,0.25,0,0,0,0,0,0,1,0.0,4320.0,0,0,0,0,0,0,0
60.9,transport_to_station_3,0.25,0,0,0,0,0,0,1,0.0,4320.0,0,0,0,0,0,0,0
61.0,transport_to_station_3,0.25,0,0,0,0,0,0,1,0.0,4320.0,0,0,0,0,0,0,0
61.1,transport_to_station_3,0.25,0,0,0,0,0,0,1,0.0,4320.0,0,0,0,0,0,0,0
61.2,transport_to_station_3,0.25,0,0,0,0,0,0,1,0.0,4320.0,0,0,0,0,0,0,0
61.3,transport_to_station_3,0.25,0,0,0,0,0,0,1,0.0,4320.0,0,0,0,0,0,0,0
61.4,transport_to_station_3,0.25,0,0,0,0,0,0,1,0.0,4320.0,0,0,0,0,0,0,0
61.5,transport_to_station_3,0.25,0,0,0,0,0,0,1,0.0,4320.0,0,0,0,0,0,0,0
61.6,transport_to_station_3,0.25,0,0,0,0,0,0,1,0.0,4320.0,0,0,0,0,0,0,0
61.7,transport_to_station_3,0.25,0,0,0,0,0,0,1,0.0,4320.0,0,0,0,0,0,0,0
61.8,transport_to_station_3,0.25,0,0,0,0,0,0,1,0.0,4320.0,0,0,0,0,0,0,0
61.9,transport_to_station_3,0.25,0,0,0,0,0,0,1,0.0,4320.0,0,0,0,0,0,0,0
62.0,transport_to_station_3,0.25,0,0,0,0,0,0,0,0.0,4320.0,0,0,0,0,0,0,0
62.1,transport_to_station_3,0.25,0,0,0,0,0,0,0,0.0,4320.0,0,0,0,0,0,0,0
62.2,transport_to_station_3,0.25,0,0,0,0,0,0,0,0.0,4320.0,0,0,0,0,0,0,0
62.3,transport_to_station_3,0.25,0,0,0,0,0,0,0,0.0,4320.0,0,0,0,0,0,0,0
62.4,transport_to_station_3,0.25,0,0,0,0,0,0,0,0.0,4320.0,0,0,0,0,0,0,0
62.5,transport_to_station_3,0.25,0,0,0,0,0,0,0,0.0,4320.0,0,0,0,0,0,0,0
62.6,transport_to_station_3,0.25,0,0,0,0,0,0,0,0.0,4320.0,0,0,0,0,0,0,0
62.7,transport_to_station_3,0.25,0,0,0,0,0,0,0,0.0,4320.0,0,0,0,0,0,0,0
62.8,transport_to_station_3,0.25,0,0,0,0,0,0,0,0.0,4320.0,0,0,0,0,0,0,0
62.9,transport_to_station_3,0.25,0,0,0,0,0,0,0,0.0,4320.0,0,0,0,0,0,0,0
63.0,transport_to_station_3,0.25,0,0,0,0,0,0,0,0.0,4320.0,0,0,0,0,0,0,0
63.1,transport_to_station_3,0.25,0,0,0,0,0,0,0,0.0,4320.0,0,0,0,0,0,0,0
63.2,transport_to_station_3,0.25,0,0,0,0,0,0,0,0.0,4320.0,0,0,0,0,0,0,0
63.3,transport_to_station_3,0.25,0,0,0,0,0,0,0,0.0,4320.0,0,0,0,0,0,0,0
63.4,transport_to_station_3,0.25,0,0,0,0,0,0,0,0.0,4320.0,0,0,0,0,0,0,0
63.5,transport_to_station_3,0.25,0,0,0,0,0,0,0,0.0,4320.0,0,0,0,0,0,0,0
63.6,transport_to_station_3,0.25,0,0,0,0,0,0,0,0.0,4320.0,0,0,0,0,0,0,0
63.7,transport_to_station_3,0.25,0,0,0,0,0,0,0,0.0,4320.0,0,0,0,0,0,0,0
63.8,transport_to_station_3,0.25,0,0,0,0,0,0,0,0.0,4320.0,0,0,0,0,0,0,0
63.9,transport_to_station_3,0.25,0,0,0,0,0,0,0,0.0,4320.0,0,0,0,0,0,0,0
64.0,transport_to_station_3,0.25,0,0,0,0,0,0,0,0.0,4320.0,0,0,0,0,0,0,0
64.1,transport_to_station_3,0.25,0,0,0,0,0,0,0,0.0,4320.0,0,0,0,0,0,0,0
64.2,transport_to_station_3,0.25,0,0,0,0,0,0,0,0.0,4320.0,0,0,0,0,0,0,0
64.3,transport_to_station_3,0.25,0,0,0,0,0,0,0,0.0,4320.0,0,0,0,0,0,0,0
64.4,transport_to_station_3,0.25,0,0,0,0,0,0,0,0.0,4320.0,0,0,0,0,0,0,0
64.5,transport_to_station_3,0.25,0,0,0,0,0,0,0,0.0,4320.0,0,0,0,0,0,0,0
64.6,transport_to_station_3,0.25,0,0,0,0,0,0,0,0.0,4320.0,0,0,0,0,0,0,0
64.7,transport_to_station_3,0.25,0,0,0,0,0,0,0,0.0,4320.0,0,0,0,0,0,0,0
64.8,transport_to_station_3,0.25,0,0,0,0,0,0,0,0.0,4320.0,0,0,0,0,0,0,0
64.9,transport_to_station_3,0.25,0,0,0,0,0,0,0,0.0,4320.0,0,0,0,0,0,0,0
65.0,transport_to_station_3,0.25,0,0,0,0,0,0,0,0.0,4320.0,0,0,0,0,0,0,0
65.1,transport_to_station_3,0.25,0,0,0,0,0,0,0,0.0,4320.0,0,0,0,0,0,0,0
65.2,transport_to_station_3,0.25,0,0,0,0,0,0,0,0.0,4320.0,0,0,0,0,0,0,0
65.3,transport_to_station_3,0.25,0,0,0,0,0,0,0,0.0,4320.0,0,0,0,0,0,0,0
65.4,transport_to_station_3,0.25,0,0,0,0,0,0,0,0.0,4320.0,0,0,0,0,0,0,0
65.5,transport_to_station_3,0.25,0,0,0,0,0,0,0,0.0,4320.0,0,0,0,0,0,0,0
65.6,transport_to_station_3,0.25,0,0,0,0,0,0,0,0.0,4320.0,0,0,0,0,0,0,0
65.7,transport_to_station_3,0.25,0,0,0,0,0,0,0,0.0,4320.0,0,0,0,0,0,0,0
65.8,transport_to_station_3,0.25,0,0,0,0,0,0,0,0.0,4320.0,0,0,0,0,0,0,0
65.9,transport_to_station_3,0.25,0,0,0,0,0,0,0,0.0,4320.0,0,0,0,0,0,0,0
66.0,transport_to_station_3,0.25,0,0,0,0,0,0,0,0.0,4320.0,0,0,0,0,0,0,0
66.1,transport_to_station_3,0.25,0,0,0,0,0,0,0,0.0,4320.0,0,0,0,0,0,0,0
66.2,transport_to_station_3,0.25,0,0,0,0,0,0,0,0.0,4320.0,0,0,0,0,0,0,0
66.3,transport_to_station_3,0.25,0,0,0,0,0,0,0,0.0,4320.0,0,0,0,0,0,0,0
66.4,transport_to_station_3,0.25,0,0,0,0,0,0,0,0.0,4320.0,0,0,0,0,0,0,0
66.5,transport_to_station_3,0.25,0,0,0,0,0,0,0,0.0,4320.0,0,0,0,0,0,0,0
66.6,transport_to_station_3,0.25,0,0,0,0,0,0,0,0.0,4320.0,0,0,0,0,0,0,0
66.7,transport_to_station_3,0.25,0,0,0,0,0,0,0,0.0,4320.0,0,0,0,0,0,0,0
66.8,transport_to_station_3,0.25,0,0,0,0,0,0,0,0.0,4320.0,0,0,0,0,0,0,0
66.9,transport_to_station_3,0.25,0,0,0,0,0,0,0,0.0,4320.0,0,0,0,0,0,0,0
67.0,transport_to_station_3,0.25,0,0,0,0,0,0,0,0.0,4320.0,0,0,0,0,0,0,0
67.1,transport_to_station_3,0.25,0,0,0,0,0,0,0,0.0,4320.0,0,0,0,0,0,0,0
67.2,transport_to_station_3,0.25,0,0,0,0,0,0,0,0.0,4320.0,0,0,0,0,0,0,0
67.3,transport_to_station_3,0.25,0,0,0,0,0,0,0,0.0,4320.0,0,0,0,0,0,0,0
67.4,transport_to_station_3,0.25,0,0,0,0,0,0,0,0.0,4320.0,0,0,0,0,0,0,0
67.5,transport_to_station_3,0.25,0,0,0,0,0,0,0,0.0,4320.0,0,0,0,0,0,0,0
67.6,transport_to_station_3,0.25,0,0,0,0,0,0,0,0.0,4320.0,0,0,0,0,0,0,0
67.7,transport_to_station_3,0.25,0,0,0,0,0,0,0,0.0,4320.0,0,0,0,0,0,0,0
67.8,transport_to_station_3,0.25,0,0,0,0,0,0,0,0.0,4320.0,0,0,0,0,0,0,0
67.9,transport_to_station_3,0.25,0,0,0,0,0,0,0,0.0,4320.0,0,0,0,0,0,0,0
68.0,transport_to_station_3,0.25,0,0,0,0,0,0,0,0.0,4320.0,0,0,0,0,0,0,0
68.1,transport_to_station_3,0.25,0,0,0,0,0,0,0,0.0,4320.0,0,0,0,0,0,0,0
68.2,transport_to_station_3,0.25,0,0,0,0,0,0,0,0.0,4320.0,0,0,0,0,0,0,0
68.3,transport_to_station_3,0.25,0,0,0,0,0,0,0,0.0,4320.0,0,0,0,0,0,0,0
68.4,transport_to_station_3,0.25,0,0,0,0,0,0,0,0.0,4320.0,0,0,0,0,0,0,0
68.5,transport_to_station_3,0.25,0,0,0,0,0,0,0,0.0,4320.0,0,0,0,0,0,0,0
68.6,transport_to_station_3,0.25,0,0,0,0,0,0,0,0.0,4320.0,0,0,0,0,0,0,0
68.7,transport_to_station_3,0.25,0,0,0,0,0,0,0,0.0,4320.0,0,0,0,0,0,0,0
68.8,transport_to_station_3,0.25,0,0,0,0,0,0,0,0.0,4320.0,0,0,0,0,0,0,0
68.9,transport_to_station_3,0.25,0,0,0,0,0,0,0,0.0,4320.0,0,0,0,0,0,0,0
69.0,transport_to_station_3,0.25,0,0,0,0,0,0,0,0.0,4320.0,0,0,0,0,0,0,0
69.1,transport_to_station_3,0.25,0,0,0,0,0,0,0,0.0,4320.0,0,0,0,0,0,0,0
69.2,transport_to_station_3,0.25,0,0,0,0,0,0,0,0.0,4320.0,0,0,0,0,0,0,0
69.3,transport_to_station_3,0.25,0,0,0,0,0,0,0,0.0,4320.0,0,0,0,0,0,0,0
69.4,transport_to_station_3,0.25,0,0,0,0,0,0,0,0.0,4320.0,0,0,0,0,0,0,0
69.5,transport_to_station_3,0.25,0,0,0,0,0,0,0,0.0,4320.0,0,0,0,0,0,0,0
69.6,transport_to_station_3,0.25,0,0,0,0,0,0,0,0.0,4320.0,0,0,0,0,0,0,0
69.7,transport_to_station_3,0.25,0,0,0,0,0,0,0,0.0,4320.0,0,0,0,0,0,0,0
69.8,transport_to_station_3,0.25,0,0,0,0,0,0,0,0.0,4320.0,0,0,0,0,0,0,0
69.9,transport_to_station_3,0.25,0,0,0,0,0,0,0,0.0,4320.0,0,0,0,0,0,0,0
70.0,station_3_final_check,0.0,0,0,0,0,0,0,0,0.0,4320.0,1,0,0,0,0,0,0
70.1,station_3_final_check,0.0,0,0,0,0,0,0,0,0.0,4320.0,1,0,0,0,0,0,0
70.2,station_3_final_check,0.0,0,0,0,0,0,0,0,0.0,4320.0,1,0,0,0,0,0,0
70.3,station_3_final_check,0.0,0,0,0,0,0,0,0,0.0,4320.0,1,0,0,0,0,0,0
70.4,station_3_final_check,0.0,0,0,0,0,0,0,0,0.0,4320.0,1,0,0,0,0,0,0
70.5,station_3_final_check,0.0,0,0,0,0,0,0,0,0.0,4320.0,1,0,0,0,0,0,0
70.6,station_3_final_check,0.0,0,0,0,0,0,0,0,0.0,4320.0,1,0,0,0,0,0,0
70.7,station_3_final_check,0.0,0,0,0,0,0,0,0,0.0,4320.0,1,0,0,0,0,0,0
70.8,station_3_final_check,0.0,0,0,0,0,0,0,0,0.0,4320.0,1,0,0,0,0,0,0
70.9,station_3_final_check,0.0,0,0,0,0,0,0,0,0.0,4320.0,1,0,0,0,0,0,0
71.0,station_3_final_check,0.0,0,0,0,0,0,0,0,0.0,4320.0,1,1,0,0,0,0,0
71.1,station_3_final_check,0.0,0,0,0,0,0,0,0,0.0,4320.0,1,1,1,0,0,0,0
71.2,station_3_final_check,0.0,0,0,0,0,0,0,0,0.0,4320.0,1,1,1,1,0,0,0
71.3,station_3_final_check,0.0,0,0,0,0,0,0,0,0.0,4320.0,1,1,1,1,1,0,0
71.4,station_3_final_check,0.0,0,0,0,0,0,0,0,0.0,4320.0,1,1,1,1,1,1,0
71.5,station_3_final_check,0.0,0,0,0,0,0,0,0,0.0,4320.0,1,1,1,1,1,1,1
71.6,station_3_final_check,0.0,0,0,0,0,0,0,0,0.0,4320.0,1,1,1,1,1,1,1
71.7,station_3_final_check,0.0,0,0,0,0,0,0,0,0.0,4320.0,1,1,1,1,1,1,1
71.8,station_3_final_check,0.0,0,0,0,0,0,0,0,0.0,4320.0,1,1,1,1,1,1,1
71.9,station_3_final_check,0.0,0,0,0,0,0,0,0,0.0,4320.0,1,1,1,1,1,1,1
72.0,station_3_final_check,0.0,0,0,0,0,0,0,0,0.0,4320.0,0,1,1,1,1,1,1
72.1,station_3_final_check,0.0,0,0,0,0,0,0,0,0.0,4320.0,0,1,1,1,1,1,1
72.2,station_3_final_check,0.0,0,0,0,0,0,0,0,0.0,4320.0,0,1,1,1,1,1,1
72.3,station_3_final_check,0.0,0,0,0,0,0,0,0,0.0,4320.0,0,1,1,1,1,1,1
72.4,station_3_final_check,0.0,0,0,0,0,0,0,0,0.0,4320.0,0,1,1,1,1,1,1
72.5,station_3_final_check,0.0,0,0,0,0,0,0,0,0.0,4320.0,0,1,1,1,1,1,1
72.6,station_3_final_check,0.0,0,0,0,0,0,0,0,0.0,4320.0,0,1,1,1,1,1,1
72.7,station_3_final_check,0.0,0,0,0,0,0,0,0,0.0,4320.0,0,1,1,1,1,1,1
72.8,station_3_final_check,0.0,0,0,0,0,0,0,0,0.0,4320.0,0,1,1,1,1,1,1
72.9,station_3_final_check,0.0,0,0,0,0,0,0,0,0.0,4320.0,0,1,1,1,1,1,1
73.0,station_3_final_check,0.0,0,0,0,0,0,0,0,0.0,4320.0,0,1,1,1,1,1,1
73.1,station_3_final_check,0.0,0,0,0,0,0,0,0,0.0,4320.0,0,1,1,1,1,1,1
73.2,station_3_final_check,0.0,0,0,0,0,0,0,0,0.0,4320.0,0,1,1,1,1,1,1
73.3,station_3_final_check,0.0,0,0,0,0,0,0,0,0.0,4320.0,0,1,1,1,1,1,1
73.4,station_3_final_check,0.0,0,0,0,0,0,0,0,0.0,4320.0,0,1,1,1,1,1,1
73.5,station_3_final_check,0.0,0,0,0,0,0,0,0,0.0,4320.0,0,1,1,1,1,1,1
73.6,station_3_final_check,0.0,0,0,0,0,0,0,0,0.0,4320.0,0,1,1,1,1,1,1
73.7,station_3_final_check,0.0,0,0,0,0,0,0,0,0.0,4320.0,0,1,1,1,1,1,1
73.8,station_3_final_check,0.0,0,0,0,0,0,0,0,0.0,4320.0,0,1,1,1,1,1,1
73.9,station_3_final_check,0.0,0,0,0,0,0,0,0,0.0,4320.0,0,1,1,1,1,1,1
74.0,station_3_final_check,0.0,0,0,0,0,0,0,0,0.0,4320.0,0,1,1,1,1,1,1
74.1,station_3_final_check,0.0,0,0,0,0,0,0,0,0.0,4320.0,0,1,1,1,1,1,1
74.2,station_3_final_check,0.0,0,0,0,0,0,0,0,0.0,4320.0,0,1,1,1,1,1,1
74.3,station_3_final_check,0.0,0,0,0,0,0,0,0,0.0,4320.0,0,1,1,1,1,1,1
74.4,station_3_final_check,0.0,0,0,0,0,0,0,0,0.0,4320.0,0,1,1,1,1,1,1
74.5,station_3_final_check,0.0,0,0,0,0,0,0,0,0.0,4320.0,0,1,1,1,1,1,1
74.6,station_3_final_check,0.0,0,0,0,0,0,0,0,0.0,4320.0,0,1,1,1,1,1,1
74.7,station_3_final_check,0.0,0,0,0,0,0,0,0,0.0,4320.0,0,1,1,1,1,1,1
74.8,station_3_final_check,0.0,0,0,0,0,0,0,0,0.0,4320.0,0,1,1,1,1,1,1
74.9,station_3_final_check,0.0,0,0,0,0,0,0,0,0.0,4320.0,0,1,1,1,1,1,1
75.0,station_3_final_check,0.0,0,0,0,0,0,0,0,0.0,4320.0,0,1,1,1,1,1,1
75.1,station_3_final_check,0.0,0,0,0,0,0,0,0,0.0,4320.0,0,1,1,1,1,1,1
75.2,station_3_final_check,0.0,0,0,0,0,0,0,0,0.0,4320.0,0,1,1,1,1,1,1
75.3,station_3_final_check,0.0,0,0,0,0,0,0,0,0.0,4320.0,0,1,1,1,1,1,1
75.4,station_3_final_check,0.0,0,0,0,0,0,0,0,0.0,4320.0,0,1,1,1,1,1,1
75.5,station_3_final_check,0.0,0,0,0,0,0,0,0,0.0,4320.0,0,1,1,1,1,1,1
75.6,station_3_final_check,0.0,0,0,0,0,0,0,0,0.0,4320.0,0,1,1,1,1,1,1
75.7,station_3_final_check,0.0,0,0,0,0,0,0,0,0.0,4320.0,0,1,1,1,1,1,1
75.8,station_3_final_check,0.0,0,0,0,0,0,0,0,0.0,4320.0,0,1,1,1,1,1,1
75.9,station_3_final_check,0.0,0,0,0,0,0,0,0,0.0,4320.0,0,1,1,1,1,1,1
76.0,station_3_final_check,0.0,0,0,0,0,0,0,0,0.0,4320.0,0,1,1,1,1,1,1
76.1,station_3_final_check,0.0,0,0,0,0,0,0,0,0.0,4320.0,0,1,1,1,1,1,1
76.2,station_3_final_check,0.0,0,0,0,0,0,0,0,0.0,4320.0,0,1,1,1,1,1,1
76.3,station_3_final_check,0.0,0,0,0,0,0,0,0,0.0,4320.0,0,1,1,1,1,1,1
76.4,station_3_final_check,0.0,0,0,0,0,0,0,0,0.0,4320.0,0,1,1,1,1,1,1
76.5,station_3_final_check,0.0,0,0,0,0,0,0,0,0.0,4320.0,0,1,1,1,1,1,1
76.6,station_3_final_check,0.0,0,0,0,0,0,0,0,0.0,4320.0,0,1,1,1,1,1,1
76.7,station_3_final_check,0.0,0,0,0,0,0,0,0,0.0,4320.0,0,1,1,1,1,1,1
76.8,station_3_final_check,0.0,0,0,0,0,0,0,0,0.0,4320.0,0,1,1,1,1,1,1
76.9,station_3_final_check,0.0,0,0,0,0,0,0,0,0.0,4320.0,0,1,1,1,1,1,1
77.0,station_3_final_check,0.0,0,0,0,0,0,0,0,0.0,4320.0,0,1,1,1,1,1,1
77.1,station_3_final_check,0.0,0,0,0,0,0,0,0,0.0,4320.0,0,1,1,1,1,1,1
77.2,station_3_final_check,0.0,0,0,0,0,0,0,0,0.0,4320.0,0,1,1,1,1,1,1
77.3,station_3_final_check,0.0,0,0,0,0,0,0,0,0.0,4320.0,0,1,1,1,1,1,1
77.4,station_3_final_check,0.0,0,0,0,0,0,0,0,0.0,4320.0,0,1,1,1,1,1,1
77.5,station_3_final_check,0.0,0,0,0,0,0,0,0,0.0,4320.0,0,1,1,1,1,1,1
77.6,station_3_final_check,0.0,0,0,0,0,0,0,0,0.0,4320.0,0,1,1,1,1,1,1
77.7,station_3_final_check,0.0,0,0,0,0,0,0,0,0.0,4320.0,0,1,1,1,1,1,1
77.8,station_3_final_check,0.0,0,0,0,0,0,0,0,0.0,4320.0,0,1,1,1,1,1,1
77.9,station_3_final_check,0.0,0,0,0,0,0,0,0,0.0,4320.0,0,1,1,1,1,1,1
78.0,station_3_final_check,0.0,0,0,0,0,0,0,0,0.0,4320.0,0,1,1,1,1,1,1
78.1,station_3_final_check,0.0,0,0,0,0,0,0,0,0.0,4320.0,0,1,1,1,1,1,1
78.2,station_3_final_check,0.0,0,0,0,0,0,0,0,0.0,4320.0,0,1,1,1,1,1,1
78.3,station_3_final_check,0.0,0,0,0,0,0,0,0,0.0,4320.0,0,1,1,1,1,1,1
78.4,station_3_final_check,0.0,0,0,0,0,0,0,0,0.0,4320.0,0,1,1,1,1,1,1
78.5,station_3_final_check,0.0,0,0,0,0,0,0,0,0.0,4320.0,0,1,1,1,1,1,1
78.6,station_3_final_check,0.0,0,0,0,0,0,0,0,0.0,4320.0,0,1,1,1,1,1,1
78.7,station_3_final_check,0.0,0,0,0,0,0,0,0,0.0,4320.0,0,1,1,1,1,1,1
78.8,station_3_final_check,0.0,0,0,0,0,0,0,0,0.0,4320.0,0,1,1,1,1,1,1
78.9,station_3_final_check,0.0,0,0,0,0,0,0,0,0.0,4320.0,0,1,1,1,1,1,1
79.0,station_3_final_check,0.0,0,0,0,0,0,0,0,0.0,4320.0,0,1,1,1,1,1,1
79.1,station_3_final_check,0.0,0,0,0,0,0,0,0,0.0,4320.0,0,1,1,1,1,1,1
79.2,station_3_final_check,0.0,0,0,0,0,0,0,0,0.0,4320.0,0,1,1,1,1,1,1
79.3,station_3_final_check,0.0,0,0,0,0,0,0,0,0.0,4320.0,0,1,1,1,1,1,1
79.4,station_3_final_check,0.0,0,0,0,0,0,0,0,0.0,4320.0,0,1,1,1,1,1,1
79.5,station_3_final_check,0.0,0,0,0,0,0,0,0,0.0,4320.0,0,0,0,0,0,0,0
79.6,station_3_final_check,0.0,0,0,0,0,0,0,0,0.0,4320.0,0,0,0,0,0,0,0
79.7,station_3_final_check,0.0,0,0,0,0,0,0,0,0.0,4320.0,0,0,0,0,0,0,0
79.8,station_3_final_check,0.0,0,0,0,0,0,0,0,0.0,4320.0,0,0,0,0,0,0,0
79.9,station_3_final_check,0.0,0,0,0,0,0,0,0,0.0,4320.0,0,0,0,0,0,0,0
80.0,finished_product_exit,0.25,0,0,0,0,0,0,0,0.0,4320.0,0,0,0,0,0,0,0
80.1,finished_product_exit,0.25,0,0,0,0,0,0,0,0.0,4320.0,0,0,0,0,0,0,0
80.2,finished_product_exit,0.25,0,0,0,0,0,0,0,0.0,4320.0,0,0,0,0,0,0,0
80.3,finished_product_exit,0.25,0,0,0,0,0,0,0,0.0,4320.0,0,0,0,0,0,0,0
80.4,finished_product_exit,0.25,0,0,0,0,0,0,0,0.0,4320.0,0,0,0,0,0,0,0
80.5,finished_product_exit,0.25,0,0,0,0,0,0,0,0.0,4320.0,0,0,0,0,0,0,0
80.6,finished_product_exit,0.25,0,0,0,0,0,0,0,0.0,4320.0,0,0,0,0,0,0,0
80.7,finished_product_exit,0.25,0,0,0,0,0,0,0,0.0,4320.0,0,0,0,0,0,0,0
80.8,finished_product_exit,0.25,0,0,0,0,0,0,0,0.0,4320.0,0,0,0,0,0,0,0
80.9,finished_product_exit,0.25,0,0,0,0,0,0,0,0.0,4320.0,0,0,0,0,0,0,0
81.0,finished_product_exit,0.25,0,0,0,0,0,0,0,0.0,4320.0,0,0,0,0,0,0,0
81.1,finished_product_exit,0.25,0,0,0,0,0,0,0,0.0,4320.0,0,0,0,0,0,0,0
81.2,finished_product_exit,0.25,0,0,0,0,0,0,0,0.0,4320.0,0,0,0,0,0,0,0
81.3,finished_product_exit,0.25,0,0,0,0,0,0,0,0.0,4320.0,0,0,0,0,0,0,0
81.4,finished_product_exit,0.25,0,0,0,0,0,0,0,0.0,4320.0,0,0,0,0,0,0,0
81.5,finished_product_exit,0.25,0,0,0,0,0,0,0,0.0,4320.0,0,0,0,0,0,0,0
81.6,finished_product_exit,0.25,0,0,0,0,0,0,0,0.0,4320.0,0,0,0,0,0,0,0
81.7,finished_product_exit,0.25,0,0,0,0,0,0,0,0.0,4320.0,0,0,0,0,0,0,0
81.8,finished_product_exit,0.25,0,0,0,0,0,0,0,0.0,4320.0,0,0,0,0,0,0,0
81.9,finished_product_exit,0.25,0,0,0,0,0,0,0,0.0,4320.0,0,0,0,0,0,0,0
82.0,finished_product_exit,0.25,0,0,0,0,0,0,0,0.0,4320.0,0,0,0,0,0,0,0
82.1,finished_product_exit,0.25,0,0,0,0,0,0,0,0.0,4320.0,0,0,0,0,0,0,0
82.2,finished_product_exit,0.25,0,0,0,0,0,0,0,0.0,4320.0,0,0,0,0,0,0,0
82.3,finished_product_exit,0.25,0,0,0,0,0,0,0,0.0,4320.0,0,0,0,0,0,0,0
82.4,finished_product_exit,0.25,0,0,0,0,0,0,0,0.0,4320.0,0,0,0,0,0,0,0
82.5,finished_product_exit,0.25,0,0,0,0,0,0,0,0.0,4320.0,0,0,0,0,0,0,0
82.6,finished_product_exit,0.25,0,0,0,0,0,0,0,0.0,4320.0,0,0,0,0,0,0,0
82.7,finished_product_exit,0.25,0,0,0,0,0,0,0,0.0,4320.0,0,0,0,0,0,0,0
82.8,finished_product_exit,0.25,0,0,0,0,0,0,0,0.0,4320.0,0,0,0,0,0,0,0
82.9,finished_product_exit,0.25,0,0,0,0,0,0,0,0.0,4320.0,0,0,0,0,0,0,0
83.0,finished_product_exit,0.25,0,0,0,0,0,0,0,0.0,4320.0,0,0,0,0,0,0,0
83.1,finished_product_exit,0.25,0,0,0,0,0,0,0,0.0,4320.0,0,0,0,0,0,0,0
83.2,finished_product_exit,0.25,0,0,0,0,0,0,0,0.0,4320.0,0,0,0,0,0,0,0
83.3,finished_product_exit,0.25,0,0,0,0,0,0,0,0.0,4320.0,0,0,0,0,0,0,0
83.4,finished_product_exit,0.25,0,0,0,0,0,0,0,0.0,4320.0,0,0,0,0,0,0,0
83.5,finished_product_exit,0.25,0,0,0,0,0,0,0,0.0,4320.0,0,0,0,0,0,0,0
83.6,finished_product_exit,0.25,0,0,0,0,0,0,0,0.0,4320.0,0,0,0,0,0,0,0
83.7,finished_product_exit,0.25,0,0,0,0,0,0,0,0.0,4320.0,0,0,0,0,0,0,0
83.8,finished_product_exit,0.25,0,0,0,0,0,0,0,0.0,4320.0,0,0,0,0,0,0,0
83.9,finished_product_exit,0.25,0,0,0,0,0,0,0,0.0,4320.0,0,0,0,0,0,0,0
84.0,finished_product_exit,0.25,0,0,0,0,0,0,0,0.0,4320.0,0,0,0,0,0,0,0
84.1,finished_product_exit,0.25,0,0,0,0,0,0,0,0.0,4320.0,0,0,0,0,0,0,0
84.2,finished_product_exit,0.25,0,0,0,0,0,0,0,0.0,4320.0,0,0,0,0,0,0,0
84.3,finished_product_exit,0.25,0,0,0,0,0,0,0,0.0,4320.0,0,0,0,0,0,0,0
84.4,finished_product_exit,0.25,0,0,0,0,0,0,0,0.0,4320.0,0,0,0,0,0,0,0
84.5,finished_product_exit,0.25,0,0,0,0,0,0,0,0.0,4320.0,0,0,0,0,0,0,0
84.6,finished_product_exit,0.25,0,0,0,0,0,0,0,0.0,4320.0,0,0,0,0,0,0,0
84.7,finished_product_exit,0.25,0,0,0,0,0,0,0,0.0,4320.0,0,0,0,0,0,0,0
84.8,finished_product_exit,0.25,0,0,0,0,0,0,0,0.0,4320.0,0,0,0,0,0,0,0
84.9,finished_product_exit,0.25,0,0,0,0,0,0,0,0.0,4320.0,0,0,0,0,0,0,0
85.0,finished_product_exit,0.25,0,0,0,0,0,0,0,0.0,4320.0,0,0,0,0,0,0,0
85.1,finished_product_exit,0.25,0,0,0,0,0,0,0,0.0,4320.0,0,0,0,0,0,0,0
85.2,finished_product_exit,0.25,0,0,0,0,0,0,0,0.0,4320.0,0,0,0,0,0,0,0
85.3,finished_product_exit,0.25,0,0,0,0,0,0,0,0.0,4320.0,0,0,0,0,0,0,0
85.4,finished_product_exit,0.25,0,0,0,0,0,0,0,0.0,4320.0,0,0,0,0,0,0,0
85.5,finished_product_exit,0.25,0,0,0,0,0,0,0,0.0,4320.0,0,0,0,0,0,0,0
85.6,finished_product_exit,0.25,0,0,0,0,0,0,0,0.0,4320.0,0,0,0,0,0,0,0
85.7,finished_product_exit,0.25,0,0,0,0,0,0,0,0.0,4320.0,0,0,0,0,0,0,0
85.8,finished_product_exit,0.25,0,0,0,0,0,0,0,0.0,4320.0,0,0,0,0,0,0,0
85.9,finished_product_exit,0.25,0,0,0,0,0,0,0,0.0,4320.0,0,0,0,0,0,0,0
86.0,finished_product_exit,0.25,0,0,0,0,0,0,0,0.0,4320.0,0,0,0,0,0,0,0
86.1,finished_product_exit,0.25,0,0,0,0,0,0,0,0.0,4320.0,0,0,0,0,0,0,0
86.2,finished_product_exit,0.25,0,0,0,0,0,0,0,0.0,4320.0,0,0,0,0,0,0,0
86.3,finished_product_exit,0.25,0,0,0,0,0,0,0,0.0,4320.0,0,0,0,0,0,0,0
86.4,finished_product_exit,0.25,0,0,0,0,0,0,0,0.0,4320.0,0,0,0,0,0,0,0
86.5,finished_product_exit,0.25,0,0,0,0,0,0,0,0.0,4320.0,0,0,0,0,0,0,0
86.6,finished_product_exit,0.25,0,0,0,0,0,0,0,0.0,4320.0,0,0,0,0,0,0,0
86.7,finished_product_exit,0.25,0,0,0,0,0,0,0,0.0,4320.0,0,0,0,0,0,0,0
86.8,finished_product_exit,0.25,0,0,0,0,0,0,0,0.0,4320.0,0,0,0,0,0,0,0
86.9,finished_product_exit,0.25,0,0,0,0,0,0,0,0.0,4320.0,0,0,0,0,0,0,0
87.0,finished_product_exit,0.25,0,0,0,0,0,0,0,0.0,4320.0,0,0,0,0,0,0,0
87.1,finished_product_exit,0.25,0,0,0,0,0,0,0,0.0,4320.0,0,0,0,0,0,0,0
87.2,finished_product_exit,0.25,0,0,0,0,0,0,0,0.0,4320.0,0,0,0,0,0,0,0
87.3,finished_product_exit,0.25,0,0,0,0,0,0,0,0.0,4320.0,0,0,0,0,0,0,0
87.4,finished_product_exit,0.25,0,0,0,0,0,0,0,0.0,4320.0,0,0,0,0,0,0,0
87.5,finished_product_exit,0.25,0,0,0,0,0,0,0,0.0,4320.0,0,0,0,0,0,0,0
87.6,finished_product_exit,0.25,0,0,0,0,0,0,0,0.0,4320.0,0,0,0,0,0,0,0
87.7,finished_product_exit,0.25,0,0,0,0,0,0,0,0.0,4320.0,0,0,0,0,0,0,0
87.8,finished_product_exit,0.25,0,0,0,0,0,0,0,0.0,4320.0,0,0,0,0,0,0,0
87.9,finished_product_exit,0.25,0,0,0,0,0,0,0,0.0,4320.0,0,0,0,0,0,0,0
88.0,finished_product_exit,0.25,0,0,0,0,0,0,0,0.0,4320.0,0,0,0,0,0,0,0
88.1,finished_product_exit,0.25,0,0,0,0,0,0,0,0.0,4320.0,0,0,0,0,0,0,0
88.2,finished_product_exit,0.25,0,0,0,0,0,0,0,0.0,4320.0,0,0,0,0,0,0,0
88.3,finished_product_exit,0.25,0,0,0,0,0,0,0,0.0,4320.0,0,0,0,0,0,0,0
88.4,finished_product_exit,0.25,0,0,0,0,0,0,0,0.0,4320.0,0,0,0,0,0,0,0
88.5,finished_product_exit,0.25,0,0,0,0,0,0,0,0.0,4320.0,0,0,0,0,0,0,0
88.6,finished_product_exit,0.25,0,0,0,0,0,0,0,0.0,4320.0,0,0,0,0,0,0,0
88.7,finished_product_exit,0.25,0,0,0,0,0,0,0,0.0,4320.0,0,0,0,0,0,0,0
88.8,finished_product_exit,0.25,0,0,0,0,0,0,0,0.0,4320.0,0,0,0,0,0,0,0
88.9,finished_product_exit,0.25,0,0,0,0,0,0,0,0.0,4320.0,0,0,0,0,0,0,0
89.0,finished_product_exit,0.25,0,0,0,0,0,0,0,0.0,4320.0,0,0,0,0,0,0,0
89.1,finished_product_exit,0.25,0,0,0,0,0,0,0,0.0,4320.0,0,0,0,0,0,0,0
89.2,finished_product_exit,0.25,0,0,0,0,0,0,0,0.0,4320.0,0,0,0,0,0,0,0
89.3,finished_product_exit,0.25,0,0,0,0,0,0,0,0.0,4320.0,0,0,0,0,0,0,0
89.4,finished_product_exit,0.25,0,0,0,0,0,0,0,0.0,4320.0,0,0,0,0,0,0,0
89.5,finished_product_exit,0.25,0,0,0,0,0,0,0,0.0,4320.0,0,0,0,0,0,0,0
89.6,finished_product_exit,0.25,0,0,0,0,0,0,0,0.0,4320.0,0,0,0,0,0,0,0
89.7,finished_product_exit,0.25,0,0,0,0,0,0,0,0.0,4320.0,0,0,0,0,0,0,0
89.8,finished_product_exit,0.25,0,0,0,0,0,0,0,0.0,4320.0,0,0,0,0,0,0,0
89.9,finished_product_exit,0.25,0,0,0,0,0,0,0,0.0,4320.0,0,0,0,0,0,0,0
